longitude,latitude,housing_median_age,total_rooms,total_bedrooms,population,households,median_income,median_house_value,ocean_proximity
-120.58961720677247,34.28210086037141,28,3896,1907,3580,1632,12.74,292919,INLAND
-114.80482836364445,37.63928791483035,7,334,1660,3961,337,8.16,484791,<1H OCEAN
-117.00078082421349,40.754420315597,35,9220,2973,2085,1257,13.81,180279,INLAND
-118.33946881866176,39.43023618111397,28,3707,2009,4703,2096,14.03,430769,NEAR BAY
-122.78357284995793,40.129740401376246,14,8143,2757,2878,1315,3.73,461848,INLAND
-122.78381501582452,38.73915148074785,10,622,1102,1370,377,1.53,277199,ISLAND
-123.76684053383127,39.05432247211299,16,6004,345,740,623,14.78,264084,NEAR OCEAN
-115.65359149641965,40.53093108122965,16,4988,975,4803,279,13.73,103697,ISLAND
-118.31480528209818,34.88937596336494,31,9921,689,4178,222,2.25,178945,INLAND
-117.2409513189277,37.145488907881955,42,5932,2437,4761,1369,12.75,116505,<1H OCEAN
-124.14333167727014,34.62158084752246,25,7222,677,1467,1857,7.68,357864,NEAR BAY
-114.61210508429357,41.83395595524845,13,5942,2536,4142,1194,5.0,212277,NEAR OCEAN
-115.99227588636377,41.42359838645103,6,1416,1217,2675,579,13.36,355343,<1H OCEAN
-122.2181153287901,32.91100629497764,44,1224,991,3703,1897,4.16,171390,<1H OCEAN
-122.52447732924071,39.17946237337263,9,5721,879,1681,2231,14.29,48734,ISLAND
-122.50861872107151,41.24658666688142,45,5523,1820,2086,2712,4.28,228299,INLAND
-121.29540788068624,34.23921399764821,36,2687,2616,2340,2766,9.78,164594,ISLAND
-119.08144542641233,37.884364619500246,43,9315,1025,4066,2504,4.51,157728,INLAND
-120.01327201283316,41.154744880303475,20,5772,1004,2205,915,8.87,161965,ISLAND
-121.42605943241166,32.85943165849237,18,1478,1312,228,2794,10.73,293637,<1H OCEAN
-118.20699693698731,39.102724714792764,43,3474,1001,4901,542,4.07,411848,NEAR BAY
-122.9494816390535,35.3380541593757,21,1619,993,4096,2670,8.53,110872,INLAND
-121.4168677287064,41.238568198493155,4,5877,2252,951,242,7.83,496864,NEAR OCEAN
-120.67172709333133,41.677658087006115,50,8035,1254,4203,291,2.46,338923,NEAR OCEAN
-119.77105735846095,41.42554766255741,33,6193,2185,2176,1510,12.55,184524,<1H OCEAN
-116.46683334761414,37.00235577874673,27,8518,1584,3094,477,6.03,159338,ISLAND
-122.34527522713006,40.65182134580944,7,5455,1146,3844,2728,9.26,398331,ISLAND
-119.18708623832734,40.487209840215016,6,5068,228,2856,634,8.45,131603,<1H OCEAN
-118.4021577286251,35.54273545321904,15,9183,2309,1744,1816,8.43,338751,NEAR OCEAN
-123.88363785629122,40.34009461175788,18,5674,1878,4471,1132,2.95,31940,NEAR OCEAN
-118.25024968690956,32.888241842672784,32,4172,1307,3244,1510,7.22,170075,ISLAND
-122.63793779817959,38.15089955651612,11,2357,514,342,2240,7.61,142880,INLAND
-123.69688200642778,34.704383158877285,20,8688,1824,4185,2089,11.4,113408,NEAR BAY
-114.82318920597653,33.674534395164194,24,4524,2728,270,2676,12.84,311959,INLAND
-114.65505438793143,33.26412962733086,15,3337,2922,752,1277,8.86,176941,NEAR OCEAN
-116.23369062491074,39.0920773810133,48,3993,1280,3612,504,2.67,64297,INLAND
-121.29167775749936,35.738223409057504,7,2105,2704,1599,2987,4.7,75107,NEAR BAY
-123.3693719753759,39.36005532008565,21,2116,934,2199,1272,3.73,359937,INLAND
-117.48030041381794,33.15500316691805,42,9488,2463,2258,988,3.18,424898,INLAND
-119.9308689628544,35.506882078986045,26,1872,2373,2072,521,6.44,34622,INLAND
-123.12473612215841,37.616613061251925,44,8453,2477,4025,1741,4.6,307552,INLAND
-119.37842382248284,39.98070498113465,14,4076,1382,2358,571,4.45,154909,<1H OCEAN
-124.0047392480032,35.53946105259078,37,1851,1704,4139,646,2.24,472426,NEAR OCEAN
-115.22042316312903,38.42963785227226,21,9067,994,2135,730,1.74,161479,NEAR BAY
-121.75184898473583,40.87705061090252,18,7530,2907,3371,1137,2.89,175381,NEAR OCEAN
-117.69827626508602,38.33527260079549,5,7270,974,957,2925,3.82,480134,<1H OCEAN
-121.22042079606231,34.73214865743169,3,6569,1988,3923,1929,7.32,108190,<1H OCEAN
-119.12851706737477,32.76961135444702,23,9231,543,1149,463,8.39,427111,<1H OCEAN
-118.86102879539347,40.72763040340775,26,3320,1596,4090,2266,3.4,267356,<1H OCEAN
-122.4940612665237,32.740145156102145,37,639,2019,398,645,7.23,232984,INLAND
-114.61537033724383,40.770942739958315,24,1561,1144,1023,2669,6.11,15370,NEAR OCEAN
-116.56766645345441,37.51729843119607,49,5284,2461,4332,733,3.98,391356,ISLAND
-114.91743062669555,41.37662704300635,19,8647,2667,4406,2036,1.59,277630,NEAR BAY
-115.3659334017064,40.056550248630195,51,334,1875,2899,1780,7.8,300906,<1H OCEAN
-118.3470842127367,41.93055998011871,25,1648,812,4975,1062,10.76,41613,NEAR OCEAN
-115.09438268036791,35.840198183400595,21,7580,2373,4162,982,4.55,258876,<1H OCEAN
-123.46153527939872,39.759241798841906,12,4313,99,4145,2927,3.28,18196,<1H OCEAN
-122.38233206131177,36.32216989706297,41,1773,2825,1902,970,13.48,241009,<1H OCEAN
-123.8959180193382,37.055629587059784,33,6808,955,2813,615,5.21,377709,<1H OCEAN
-121.08368347913682,38.444826408884865,50,8082,613,4606,1520,4.52,353493,<1H OCEAN
-120.4476800115176,40.76130164449345,4,2200,832,2953,965,13.07,341983,NEAR BAY
-121.62565572099008,41.80022544516537,42,3848,2582,2757,2253,12.53,450132,NEAR OCEAN
-116.02947540811464,39.76945282446512,7,3273,2090,4622,1208,7.55,23572,<1H OCEAN
-120.76819659999636,36.47118542019461,22,1915,1881,3446,313,8.1,436441,<1H OCEAN
-121.5294175227387,36.50496939142723,33,3941,633,1571,2997,4.44,60853,<1H OCEAN
-118.90133132509118,39.48064945795147,17,8116,1369,3049,2344,2.56,457606,<1H OCEAN
-122.93512078125337,34.786892941679724,24,7111,285,1041,118,9.24,178347,INLAND
-116.29594231322945,33.57956140456643,34,4593,2153,2007,741,2.83,349523,INLAND
-123.6015115374551,35.87699450339971,28,774,1992,4937,1204,7.57,409321,ISLAND
-114.44165515653081,35.24291891146491,43,8188,409,1343,429,14.2,131074,<1H OCEAN
-116.59666251626156,35.32825941349087,41,8678,1980,4523,965,14.36,468112,ISLAND
-122.3548945573969,34.73824893737965,39,2258,159,1566,873,4.73,58209,NEAR BAY
-124.29455794407903,32.93609691447816,22,2761,241,4057,491,9.93,450703,ISLAND
-116.16276725831347,32.708193725841426,49,2164,953,2066,736,7.9,426267,NEAR OCEAN
-117.25315226776992,41.83446768741606,17,3353,1166,475,2454,13.32,109244,INLAND
-117.0307680328685,36.565345188454465,34,5079,911,362,2799,5.16,247067,INLAND
-116.60644571927311,36.15651374977261,6,7803,2665,4462,2988,1.55,268516,<1H OCEAN
-123.60659169658973,38.935480930141786,46,9031,1133,3488,1125,3.69,223472,<1H OCEAN
-120.7510040854155,34.593769084810255,6,1501,699,3495,2667,6.22,115300,NEAR BAY
-123.18667464236769,41.479134740971624,34,3359,88,2044,1774,5.76,213033,NEAR BAY
-115.68444160420904,39.93950658565035,1,4023,686,1993,2783,12.18,468372,NEAR OCEAN
-118.09208680665132,33.38135753175836,10,4314,1086,3734,839,10.69,391826,<1H OCEAN
-121.0277838304794,36.469435100136174,21,3327,85,1752,1645,5.54,72175,<1H OCEAN
-123.71187416312831,40.81250327415997,5,2845,2198,4241,568,7.68,415065,NEAR BAY
-121.22773748997474,41.42992832976218,2,6191,1411,3992,2359,2.79,116551,NEAR BAY
-121.08515944685146,36.938248220861276,22,3966,2033,699,1235,13.62,296120,NEAR BAY
-117.02475396948584,38.31220117247276,48,5918,215,4915,1131,14.13,407761,INLAND
-117.94892298759366,34.111789432726425,2,2322,2480,2012,2951,14.73,376938,ISLAND
-115.44238406453368,41.86689677194895,10,2892,1929,1392,2624,13.23,261984,ISLAND
-119.60896215137403,34.7200307100182,34,9989,2887,700,973,3.85,71866,<1H OCEAN
-123.14927377077944,41.41110599461153,16,4163,80,480,559,2.12,132752,INLAND
-117.18902233628113,38.65317496701819,48,1624,60,4313,2400,9.32,324222,NEAR BAY
-116.71171811188636,38.258803239810064,51,8324,2061,3737,1649,13.82,268564,<1H OCEAN
-118.71477693640226,37.36439888866535,39,6298,2193,2263,851,3.89,308257,INLAND
-116.60948951325621,34.71060292826411,22,4125,2550,4455,1561,1.6,261592,NEAR OCEAN
-119.39229221250152,34.20112878117183,12,2666,2289,1198,1877,12.37,30401,INLAND
-119.10176239300478,34.61477522735035,24,2903,535,465,953,2.54,421100,<1H OCEAN
-120.05748817568016,34.29438404677744,47,3809,1339,2670,2383,7.09,230432,ISLAND
-124.09479196748929,39.87588989626315,40,6255,1497,3519,1429,10.66,445779,NEAR BAY
-123.26677007298721,35.83467868875893,38,819,2335,2576,577,4.7,180486,NEAR OCEAN
-124.03445097570518,33.08429958646156,10,6616,1993,890,2826,2.63,162214,INLAND
-117.96043947091164,41.65925574962504,35,4679,2013,3669,2363,11.9,261200,<1H OCEAN
-121.19386594999368,40.85642517750584,51,1072,1901,846,234,10.01,348636,<1H OCEAN
-119.24395026070638,41.27014898486696,49,3818,1519,412,1252,14.84,225536,NEAR BAY
-115.23803260178202,41.902082611102955,32,7495,1416,4733,509,6.15,221329,<1H OCEAN
-121.84710601934529,34.17635429515538,7,4502,2832,1020,1545,2.33,91693,<1H OCEAN
-120.22975545272227,36.268637397874016,21,4652,1040,1177,1417,11.41,50135,NEAR BAY
-116.7642665690278,39.6750240563755,20,2307,874,2929,1369,8.54,480448,NEAR OCEAN
-122.0528664184641,39.089554015886186,26,4526,1512,2481,1679,4.38,305006,ISLAND
-123.57712170531892,33.98816047865804,4,7019,2203,3718,185,12.05,151262,ISLAND
-121.44089541274576,40.21698970616171,46,8935,2278,897,2703,4.25,85199,INLAND
-122.73133827596979,34.651985780982976,22,8486,2281,4543,1965,5.02,382510,NEAR OCEAN
-115.01583557048056,34.646123755480886,15,8780,275,372,1569,2.75,19331,INLAND
-116.23647138917326,37.59292931942702,40,2304,826,3110,477,6.89,198258,ISLAND
-117.99062628463535,38.11956478686043,21,5445,2887,4915,1780,7.16,321792,NEAR BAY
-115.60053567451531,37.998611215753805,15,3376,1162,1873,1174,8.45,305693,<1H OCEAN
-116.2811323479329,33.40089113991287,22,1202,737,2647,341,11.07,227854,ISLAND
-122.4768366087842,40.79690671735188,28,5343,579,3264,1019,13.73,40761,NEAR OCEAN
-115.38870765516063,35.039296400759724,14,6714,1021,4880,1686,3.36,280406,ISLAND
-118.93500389116687,33.75873540927119,27,9533,985,4817,2413,2.23,459475,NEAR OCEAN
-116.24330084215282,40.90311943156708,41,8807,1472,1046,2859,1.75,349716,NEAR OCEAN
-115.35324334876813,41.53268059834198,40,5323,2203,2765,1371,3.44,270792,NEAR OCEAN
-121.15724511128248,40.65262087846789,28,8684,1344,606,169,10.38,199544,INLAND
-123.24507867774211,40.1575462631611,26,730,2048,343,2204,11.32,365002,NEAR BAY
-122.0615309680789,38.705827037813194,49,9271,2928,605,1505,12.12,99667,ISLAND
-120.06183780219239,37.723567857432,2,6783,1576,4617,2186,4.79,19677,NEAR BAY
-116.13713175013817,33.35854541076637,25,377,728,3258,2107,5.63,219580,<1H OCEAN
-115.70826494410632,36.383544734995276,3,332,2946,3690,900,8.02,145334,ISLAND
-124.28020060946685,36.046998945085875,8,9844,2490,1972,1141,2.35,489081,NEAR BAY
-119.22209708212124,34.98428310518467,44,5790,89,3893,2879,9.75,378581,NEAR BAY
-120.15919352838625,39.34738326980958,33,7759,2757,1292,924,14.78,458833,<1H OCEAN
-122.12003758287386,37.206190667091235,42,125,1155,4525,855,6.37,494245,NEAR OCEAN
-123.14655171196982,33.30264489169097,35,7568,894,4845,2499,11.66,426811,ISLAND
-120.96034367910757,34.61192393034772,6,6510,1793,1564,2095,8.25,495675,ISLAND
-114.8831865727183,38.969464966036796,39,8752,2298,490,1939,3.23,75148,<1H OCEAN
-121.10504256251161,33.256391387803724,23,3864,496,4576,1421,9.36,324070,NEAR OCEAN
-119.1413421576966,40.549857061198914,25,6699,1284,3477,2430,5.55,90271,ISLAND
-117.29168965269241,37.1993288192015,50,5202,2541,4937,1709,1.96,49457,ISLAND
-120.69915879211189,37.06231969264376,43,7106,1400,772,209,10.07,57531,ISLAND
-114.59330788948155,38.11455725364606,19,3583,2858,2660,1116,13.1,219335,NEAR OCEAN
-114.6870291587812,40.30024788935565,5,2094,276,1311,2061,6.15,481516,<1H OCEAN
-121.82210574991333,35.812884646359635,51,8782,97,1029,2691,6.77,143027,ISLAND
-119.35762500084044,38.92013199558079,11,1172,1512,1639,1869,13.53,209243,NEAR BAY
-121.32918176943963,37.86353778120039,12,6807,1880,1012,124,12.48,272231,NEAR OCEAN
-121.49020143645022,35.052736022294255,10,315,236,743,942,11.15,264301,INLAND
-123.97965504856049,40.80790817160204,8,7705,2442,4622,2938,4.86,60771,<1H OCEAN
-118.22997408684184,40.043778863321194,24,9884,2321,601,837,13.79,108135,NEAR BAY
-119.30310260678223,38.73603176413579,28,2706,2927,829,2204,3.58,81354,ISLAND
-123.8331533374501,40.54397407077682,41,8450,2585,1383,279,9.96,127743,INLAND
-121.55238949906442,40.70123843103174,36,4881,1982,2218,331,1.89,259453,<1H OCEAN
-115.2310105048948,39.205695610888476,37,3413,2974,4652,2017,10.19,445505,NEAR OCEAN
-121.9447986177036,40.416295419902156,21,7863,898,4486,442,5.24,48892,INLAND
-122.89525548420411,39.10320645430796,8,6039,2082,3936,576,7.57,217268,INLAND
-119.43589428681327,38.94012466226443,9,2395,1302,1019,1922,6.16,406806,NEAR BAY
-114.45406944072957,38.361133069004886,47,5785,1463,4150,2723,3.83,110057,<1H OCEAN
-121.91976507402453,39.62306357823741,15,1796,1028,2439,554,9.9,53409,NEAR BAY
-117.60175910404497,34.03247404080782,48,2046,1662,855,1355,13.41,261889,NEAR BAY
-116.70333906209967,40.82899384406192,46,2883,1066,1969,388,14.45,442686,ISLAND
-121.9641190583163,40.74404759608264,40,3744,2285,4572,1336,4.1,164457,NEAR OCEAN
-117.03870785993693,32.8152169333552,18,5341,1931,607,2405,11.18,431512,INLAND
-120.65745734749869,40.31093562281442,42,6520,319,1536,629,10.47,395710,<1H OCEAN
-118.00164946084047,33.75266545292512,20,7657,1680,2675,2834,6.14,338860,NEAR OCEAN
-117.98936170396061,35.693468418578526,6,2745,359,3526,2376,1.76,366296,NEAR OCEAN
-118.97082217188942,39.53641269170403,12,6689,2093,658,695,10.81,41382,<1H OCEAN
-123.44349070865374,34.05275062181458,2,6453,1624,3202,534,14.26,91675,NEAR OCEAN
-115.96356294428405,40.237069696960376,7,2032,1145,4616,981,10.03,37419,ISLAND
-121.12936814768376,40.370382614582354,16,1857,2942,3722,1881,7.38,96238,NEAR OCEAN
-122.47735415558546,37.31527137468947,3,5185,1745,4499,501,8.59,240825,ISLAND
-123.94061757879017,32.600091052855404,45,5737,2583,4157,2769,4.19,185363,INLAND
-118.41743485039005,35.24102883317593,3,1216,1495,3815,2235,11.63,289541,INLAND
-117.54725380710349,38.34528230191574,27,592,2217,1401,2731,11.58,335032,NEAR BAY
-124.18345819756432,41.77296193523806,50,8911,269,2255,1665,3.46,50169,ISLAND
-119.20858569467522,38.48536528922685,43,7988,102,792,408,13.35,77182,INLAND
-122.0759824170127,34.98475169781374,40,6574,1807,4450,442,5.13,369620,NEAR OCEAN
-117.87246518428913,38.50599366616734,38,9838,1524,1578,535,14.76,319393,<1H OCEAN
-122.59936105278989,37.621262423126204,33,5058,1716,356,276,6.67,174413,<1H OCEAN
-117.41298510945124,39.87834516837226,28,9897,1310,2530,238,3.9,352747,ISLAND
-120.4671771231426,33.54668781136168,1,9567,2855,541,293,6.25,192216,NEAR BAY
-114.94523091308318,39.701272562544084,8,2843,2835,1981,1284,7.44,469988,NEAR OCEAN
-122.96928972077423,37.6333185053422,37,7966,769,2746,1042,2.44,94360,ISLAND
-120.9256938354554,41.60175475631314,32,7260,455,3920,624,9.31,28444,<1H OCEAN
-123.21072584674448,35.757017082424035,48,5551,2705,4777,1724,9.57,453863,ISLAND
-115.06607607248323,38.49297201439045,43,5358,2519,1835,2357,11.48,138662,NEAR OCEAN
-115.54151289205495,41.310384472849265,37,8648,2809,3835,840,1.89,260488,INLAND
-121.76026605773984,33.50461654039229,4,7286,2344,2745,961,8.81,113843,NEAR OCEAN
-117.72376017781684,41.35932006489501,30,6202,121,118,1053,2.21,288118,INLAND
-116.14508910997979,39.01300464685065,6,9161,1903,1224,1402,10.97,127150,INLAND
-118.77578385154139,33.17834672617967,46,9177,2282,4085,1374,2.25,446599,INLAND
-119.0323081933057,35.37206716496954,19,9575,2103,2754,1843,13.81,271620,ISLAND
-121.92180299935946,39.2038993541521,32,719,1279,2180,2980,10.98,109826,<1H OCEAN
-123.41524821122877,33.17376915982114,9,982,1617,1647,2287,8.35,489768,ISLAND
-115.34195379014861,38.018224030258736,12,9088,436,961,891,7.46,374792,<1H OCEAN
-115.30980270608016,35.79475956592732,11,3742,1841,254,645,3.26,240121,NEAR OCEAN
-117.99366136897639,38.38281502219196,46,1396,748,3594,1944,5.43,411172,NEAR BAY
-120.94614089787105,32.97043253817574,16,8536,1250,1004,1116,13.23,416293,NEAR OCEAN
-120.84393587088888,40.741161345893865,1,2995,876,1369,2027,13.71,313634,ISLAND
-117.0614049841428,41.70053119995931,45,6693,1872,504,1653,1.51,256435,ISLAND
-115.34301299007613,41.65714061823836,21,1029,398,943,156,9.52,139713,<1H OCEAN
-115.44365230037822,39.594223736700926,30,5466,1328,1882,2259,11.21,70612,ISLAND
-116.52004951958946,33.764111519629246,13,8811,357,1664,104,9.85,115474,INLAND
-117.90400227261095,39.675256673692104,34,3312,1200,1284,1537,2.6,313303,ISLAND
-123.5052347514497,32.77136288387732,4,2509,2010,846,1462,4.44,54710,<1H OCEAN
-122.72724771049008,32.748182619887864,28,8299,2384,1825,1920,4.88,491752,<1H OCEAN
-115.32851594718812,35.58517216219718,38,3523,815,3288,1382,12.73,422022,INLAND
-118.26145224101772,37.13813242170791,31,7076,774,370,2237,7.75,128096,<1H OCEAN
-124.25766160176903,39.78953380157134,27,7694,2859,4965,2763,8.07,224417,NEAR BAY
-123.33122570962503,38.96980949386722,5,5258,1669,4056,2845,14.12,226463,NEAR OCEAN
-117.68844223815512,36.735944467005204,25,3767,432,271,1373,10.1,384556,ISLAND
-124.29918169818396,35.114826929710475,3,6073,2485,373,1231,13.63,109924,NEAR BAY
-122.73548716376831,41.92294154648407,33,6336,574,2406,767,7.66,283602,ISLAND
-118.84071275475948,36.55036605404051,4,8377,2736,1258,2741,3.52,408137,NEAR BAY
-117.40337221516536,36.78755189894225,25,2568,325,1806,2736,14.05,312668,ISLAND
-117.80430895459389,34.079700157413605,20,6317,2597,1871,2632,7.69,152925,INLAND
-122.09833613301598,40.019157853736836,34,3719,2814,521,1381,3.95,317621,<1H OCEAN
-117.19972061767074,39.06754974460381,26,1736,386,1309,2786,5.58,309366,<1H OCEAN
-121.96801916153213,34.617442056342234,5,8255,2023,4775,1096,2.19,33320,INLAND
-121.08298703048095,33.31520563924508,35,3683,530,990,2026,7.82,109154,NEAR BAY
-116.85522629261504,38.94349843252305,28,4109,960,4917,381,13.02,67243,NEAR OCEAN
-117.82768569356597,38.69895052638549,29,3426,2046,3367,1327,14.1,191687,NEAR BAY
-115.82379695863845,35.11137214905315,9,8248,1401,1573,2163,14.09,425568,<1H OCEAN
-117.74756656130455,41.48762612077636,38,2317,2083,3343,1035,3.19,87833,NEAR OCEAN
-118.64418162251187,33.961454761658274,50,5067,1804,4578,353,6.66,108476,ISLAND
-123.40950533100595,36.60827047781088,6,2469,158,2281,1311,1.88,129560,NEAR OCEAN
-120.65813333728329,41.419425808777106,19,3738,377,1549,428,13.04,411419,NEAR BAY
-121.68736822847548,36.48963405227481,44,9235,1849,3196,2691,6.34,316411,INLAND
-121.90034398047399,38.54852916751905,11,5822,364,3356,2930,10.02,52941,ISLAND
-114.58097403028545,36.281363284829894,2,4544,1184,3256,1520,11.15,359953,NEAR BAY
-120.40329884434573,35.120365054100986,47,7718,2796,1690,1640,7.3,40368,ISLAND
-115.39385258602178,41.79922966730199,44,4047,830,4339,2992,5.64,354330,NEAR OCEAN
-118.01336819498748,36.39183299942456,44,1776,1570,4081,1292,14.49,308128,<1H OCEAN
-116.37009451244185,40.953473506620654,9,1296,205,1535,1816,14.52,450157,NEAR BAY
-119.30352358522387,34.70387284143512,21,2887,1546,323,2513,5.41,218990,INLAND
-118.55788499835135,34.54531526487603,24,7532,1774,319,1301,7.97,460899,NEAR OCEAN
-119.4051223540586,32.83297171994325,34,9753,936,4374,754,14.63,272481,NEAR BAY
-122.38976040250763,38.67218482678708,22,8027,2855,1754,1485,1.57,15801,INLAND
-117.0965807627745,36.00783289444059,3,3418,771,4628,859,7.07,121538,NEAR BAY
-121.5310454810938,40.673611130990984,12,8958,962,364,2786,2.86,389345,NEAR OCEAN
-124.1058676970282,36.992905221967554,28,6789,920,1053,1898,8.37,325109,NEAR BAY
-117.86945814909204,41.65070015667753,30,2276,62,4624,1163,1.83,100269,ISLAND
-122.57180877875322,34.28579510276637,26,3843,2705,3833,515,6.99,268765,NEAR OCEAN
-114.90779581309674,40.7137440104623,48,8892,547,2874,354,4.48,418185,NEAR BAY
-114.77255708689403,39.84777638477029,21,4522,1806,3224,1266,8.7,313113,<1H OCEAN
-115.1647615221867,39.79437455810053,28,3924,2335,579,1976,14.95,490485,NEAR BAY
-120.63360664943534,40.489410176579916,26,9271,1167,3614,2857,12.31,440665,ISLAND
-124.19481557005017,39.70123575477362,33,2551,2878,1453,2724,12.92,106679,INLAND
-115.02968163161924,38.43273322655162,21,728,1244,3422,999,10.08,171777,INLAND
-120.05103115089416,33.775014298991266,35,9921,2054,3978,2158,2.06,206375,INLAND
-114.64478561680156,32.84607134901268,34,7878,2703,989,125,4.29,305507,<1H OCEAN
-114.6752554300239,41.20517824794562,41,3796,2758,3954,520,13.99,176792,ISLAND
-115.78578506710771,38.342679459640145,51,3774,1697,1024,1344,6.44,418188,NEAR OCEAN
-121.39373312362136,40.035415908085824,47,4029,1640,2270,1976,2.9,48351,INLAND
-120.48361880483667,37.0711253277331,18,2865,2946,2002,2643,10.98,126023,ISLAND
-115.80458781797076,33.64387005813613,11,4469,1540,4973,1360,5.54,182217,NEAR BAY
-121.16810306823096,33.717998304626,23,8407,2725,2495,2384,5.13,102948,<1H OCEAN
-122.64829282327163,38.99116935282462,48,5056,192,128,1108,14.97,235686,ISLAND
-118.75971532491816,36.58917847100395,22,792,1274,134,318,13.08,234188,ISLAND
-114.95100606742577,34.42693767825017,17,3262,2811,3689,1610,7.01,333379,NEAR OCEAN
-117.36186084138328,37.165904684836924,5,1205,2576,2770,2059,14.73,291999,ISLAND
-118.62658585230278,33.14420609787701,44,3108,614,3465,2608,10.28,444385,NEAR OCEAN
-123.37434800254148,38.01635089201449,11,2261,2568,688,762,11.52,276677,<1H OCEAN
-118.17532744394033,35.07122793573427,30,8445,2481,3318,2782,1.93,192476,<1H OCEAN
-114.4098593449532,40.045031136995945,15,3799,1765,3238,1089,3.14,165641,NEAR BAY
-122.94355648702529,35.46050603347083,27,3886,466,1003,288,10.05,140074,NEAR OCEAN
-119.14597029026808,36.82362160285975,35,9356,1898,4186,354,13.64,275078,NEAR OCEAN
-115.54117435784333,32.649349280535226,33,4300,2405,2269,167,9.92,69437,INLAND
-116.91268307774779,33.2217252141468,20,2013,2746,439,715,3.31,456722,INLAND
-117.35196196040751,36.233364365786905,16,9508,1767,4370,2483,3.06,171810,NEAR BAY
-117.29705979676942,37.05622443468813,34,5620,1440,1814,2818,12.9,414988,<1H OCEAN
-120.74070884175366,38.18619335780265,2,1872,1117,4792,2968,3.38,105410,INLAND
-121.40233788358448,35.284544865654546,35,2880,2836,4646,973,8.52,34731,ISLAND
-116.22401399899573,39.079779548450766,40,7523,1916,656,2447,2.0,156203,<1H OCEAN
-116.21646151742102,40.633751757550414,28,2971,1171,3187,1725,2.59,343468,ISLAND
-115.64459392145577,39.87839780548642,47,760,1338,3366,456,10.58,200169,NEAR OCEAN
-115.18106485233304,32.91281314652804,39,6342,1856,3667,355,10.8,358864,<1H OCEAN
-119.21612231543618,37.06157037369617,6,1232,2237,2156,1107,6.11,373577,NEAR BAY
-119.31477640134051,33.527392978915024,9,799,1554,3999,2500,4.41,280033,NEAR OCEAN
-116.33511640317357,34.81764359926638,20,7570,1066,1116,1855,12.49,24569,NEAR OCEAN
-117.82436213499123,41.82449500264385,1,6397,1002,2162,2671,4.43,364337,ISLAND
-117.30225255233266,33.88088305870324,8,7912,121,938,2903,8.82,221749,NEAR OCEAN
-116.36024159886155,37.23453752397726,23,4657,1740,1737,383,14.57,100192,INLAND
-115.41434636815164,38.3568454599335,3,2279,1341,4421,198,3.5,269829,<1H OCEAN
-120.95652862521058,39.15019537282002,4,9165,1394,3596,296,14.2,102154,INLAND
-120.57914715549497,37.80629411161186,25,8375,2204,1913,2629,3.97,223542,ISLAND
-123.40642132399768,32.63194367421452,47,1522,932,3579,977,9.16,123073,ISLAND
-118.54406738439842,35.612000910575965,38,3280,188,1551,1968,6.59,234894,<1H OCEAN
-123.9891395710807,37.41166656425013,15,4416,2712,2413,2762,14.53,284756,NEAR OCEAN
-119.6753958979501,33.36682375695288,21,6796,2960,1614,2765,5.19,66644,NEAR BAY
-118.90184786753593,35.83939942267839,35,9683,2370,1331,1488,6.9,47069,ISLAND
-121.47312582863202,32.85244125372676,46,714,1554,1745,2515,14.77,358885,<1H OCEAN
-118.41803406388713,33.279423658228744,14,4670,2513,3099,669,8.74,435547,NEAR BAY
-124.04377749061194,36.27504802905702,36,370,2603,3540,2737,8.29,333041,NEAR OCEAN
-123.97502418495789,33.7888552455452,12,2568,782,4156,1165,4.98,160006,ISLAND
-116.09109037097703,37.880559382141264,17,9682,1798,405,521,10.97,418311,<1H OCEAN
-120.73368596023091,39.027865359581675,39,3707,473,3636,2983,1.69,499710,<1H OCEAN
-123.07431245297508,40.073520838616474,9,3175,1641,1823,1304,2.17,379688,<1H OCEAN
-119.10667766904976,34.42341379834366,35,389,439,1789,644,9.59,33706,ISLAND
-116.61926472688995,34.11601109905784,13,8220,391,1617,170,6.11,189588,NEAR BAY
-122.18315688393169,33.523983377546706,15,6714,995,4017,1323,14.37,118602,<1H OCEAN
-118.09617962277724,38.528808648205626,18,3352,663,519,867,13.69,311773,NEAR OCEAN
-123.49311145146257,39.18793658624174,51,7515,542,3036,2454,11.14,455126,<1H OCEAN
-123.83111551946718,32.83722562280929,33,6871,241,3962,1806,12.54,496756,NEAR BAY
-119.0151994990558,41.34975723715313,6,378,548,4329,2524,10.51,139746,ISLAND
-118.92202337903453,33.02904977916035,27,680,871,1550,754,3.2,35431,<1H OCEAN
-117.950203788958,37.633598515183074,23,5058,1785,3196,2825,11.83,202805,<1H OCEAN
-117.06004300942448,39.212259488033126,27,8545,1306,3361,2546,4.34,55088,NEAR OCEAN
-114.55244512219616,40.73581945445067,34,4376,2018,1264,1896,5.87,190207,NEAR OCEAN
-119.166344503056,39.25955803136615,46,8097,276,1969,320,12.56,446231,<1H OCEAN
-121.10751701166988,40.08426126168674,38,4876,1444,1919,281,8.74,246110,<1H OCEAN
-116.36633060452222,35.734226311827804,14,924,2236,2805,406,13.11,46385,NEAR OCEAN
-121.63084419732877,40.20750432035468,36,3932,2953,3615,2669,4.38,347343,NEAR BAY
-119.9427269361154,33.29388070447979,8,8991,866,1442,1519,9.71,315821,INLAND
-123.56229793132364,40.96022473352957,35,5545,1523,2326,1113,2.63,133104,INLAND
-124.0954785361088,37.69284425960666,19,1480,1136,1179,2151,10.18,27818,<1H OCEAN
-114.68500991663363,40.23077201534707,30,9965,153,4306,947,11.79,496438,NEAR OCEAN
-115.95675959005746,36.7963150573172,14,6634,1924,4663,903,9.4,340145,ISLAND
-117.36241897081928,38.5960661117993,20,3256,920,2879,314,5.09,170049,ISLAND
-120.24411243808073,37.49344903940883,49,4407,717,2628,1543,1.92,64832,INLAND
-122.6101250264887,39.424257399717675,25,5734,2092,913,200,3.11,318075,NEAR BAY
-122.77937209158229,33.30813813090785,40,8675,322,2131,672,9.9,98990,INLAND
-121.83756130242746,33.107913110351205,24,5910,1079,422,1432,14.11,224966,<1H OCEAN
-118.83576428635055,34.865241432035475,14,8633,2281,3069,757,4.29,87204,NEAR BAY
-117.17545693609138,34.0413154398651,26,6034,1101,1003,1633,11.42,60784,ISLAND
-117.72161833775398,40.74348336163262,38,3209,1623,1641,1756,13.2,383449,NEAR OCEAN
-121.53946367466273,34.6028036210392,23,4182,342,3603,325,8.53,24921,NEAR OCEAN
-114.76315258214153,41.72289205725803,22,3340,2274,2753,204,10.54,312103,<1H OCEAN
-116.94151495637449,35.710189400566115,48,6128,2155,2576,2097,12.5,309472,INLAND
-118.78428531278554,34.25372958663066,19,1949,1342,3440,871,5.02,417075,<1H OCEAN
-118.2083237078071,39.97106295221073,46,8597,357,4343,528,5.51,270564,NEAR OCEAN
-120.13721537322499,38.738440167463246,51,2849,1026,1241,533,1.51,104506,ISLAND
-121.86278086540838,37.22802169182404,3,6780,1301,949,1330,14.5,89408,NEAR OCEAN
-120.77603430634133,37.765971014323114,42,9427,1320,466,2829,13.89,138852,NEAR BAY
-116.74122505093773,39.30768873354201,19,305,2797,2997,2735,11.82,230838,NEAR OCEAN
-124.20548937415724,34.68975911592752,9,7452,1567,1189,965,2.57,41708,NEAR OCEAN
-123.18463068931055,41.91550215009394,28,4691,2180,4141,2893,7.54,33847,NEAR BAY
-123.8881334741016,41.71280365580123,20,3550,1259,2138,2515,2.88,70989,INLAND
-123.94108282471754,38.65956470852468,45,7314,2349,2960,350,1.71,402527,NEAR OCEAN
-115.76117573652948,34.41769446324326,7,3911,1428,4370,955,9.82,19922,<1H OCEAN
-117.28527509182456,38.94094776127845,14,5241,1823,1954,1293,14.47,478144,NEAR OCEAN
-119.58929475596325,33.21938702849405,9,8601,1769,4783,660,13.69,67335,<1H OCEAN
-123.36774502706395,32.828440045756636,19,2808,2092,594,1569,10.91,404057,NEAR BAY
-119.414176613827,34.96479598089052,47,2091,845,3282,2441,2.8,421757,NEAR OCEAN
-119.59634342136312,36.893282022916964,14,8563,946,1884,1018,5.2,296695,NEAR BAY
-122.61105322610344,40.71044427589286,38,3373,2011,3610,1273,5.82,165453,NEAR BAY
-119.99412944165076,39.38266094650096,36,4638,259,3886,532,11.8,390463,INLAND
-120.34901246665036,39.52886836449182,40,8812,2913,4230,2206,12.33,332817,NEAR OCEAN
-118.16686501555574,36.54389227715639,17,9268,2706,1098,1068,6.7,378675,<1H OCEAN
-117.97365974528886,35.795248279866925,30,3822,2544,4569,935,7.14,37948,<1H OCEAN
-123.89514774188866,36.03147475968511,9,3651,2557,1551,2346,2.1,107264,NEAR OCEAN
-120.58888934915022,41.833782394756305,33,2932,1017,1851,2362,5.4,74072,INLAND
-118.06636644622907,32.91742749119146,25,5779,521,2380,997,7.59,344704,INLAND
-119.29851196385592,40.698766378512246,14,6679,2467,4900,571,3.08,228321,INLAND
-115.75084199446924,37.985335594666225,11,252,2997,4758,346,7.62,148558,<1H OCEAN
-117.73671593854579,36.66737109457405,35,5854,972,3034,2529,13.02,81691,NEAR BAY
-122.71413835210244,39.36467458450644,41,2900,186,3834,1090,9.35,156154,INLAND
-123.64148977609968,37.11955473880646,14,5410,416,3446,1026,2.57,379925,<1H OCEAN
-117.9001104468086,40.75891267034843,30,2710,233,1973,1291,4.09,361249,<1H OCEAN
-124.0838264421621,41.01560454034595,41,1204,2569,4634,2707,7.91,22086,NEAR BAY
-118.46881316401442,36.50839392187922,4,7461,1448,3903,1174,6.38,404962,NEAR OCEAN
-114.91008837609343,35.14494957198183,4,4299,2751,2079,1934,6.34,82853,NEAR OCEAN
-118.57223925412617,38.11401659206354,28,3954,2846,798,788,8.65,379069,INLAND
-120.45277394088652,41.12533908225306,8,7363,586,1412,2527,9.39,347171,INLAND
-117.89138628683878,34.52233119854332,2,2014,2899,3062,2621,12.26,293060,NEAR BAY
-119.74914097946517,38.40211555133237,41,7465,1652,3038,2844,6.1,292392,INLAND
-118.87200743526802,38.48298167107062,46,3172,1323,4887,1584,12.37,476263,NEAR BAY
-114.89769331988369,39.4385935409278,22,9298,2607,2400,1059,6.07,301370,<1H OCEAN
-120.47352951648023,33.77805191704751,41,506,2727,3297,577,2.25,433241,INLAND
-114.6996467392079,39.27591291765845,16,266,1146,226,806,8.98,253922,<1H OCEAN
-115.26027955476113,41.09399601946369,29,608,1355,1291,1237,9.44,63380,ISLAND
-122.38425700671546,34.230818054468976,49,1761,965,2739,853,14.12,284992,NEAR BAY
-123.65361253921333,34.77528268753369,48,3764,201,4489,2650,11.3,29274,ISLAND
-123.33818886617063,41.68082783493183,30,3589,1078,4016,1759,13.89,331689,INLAND
-124.16705287045843,34.242993124996296,12,780,1268,1466,2964,13.76,275115,<1H OCEAN
-123.40179267401048,40.579763728607745,35,2624,2027,1119,687,9.66,111494,INLAND
-117.49261199489978,37.17233462917601,11,2220,2561,4179,1434,8.62,130981,ISLAND
-123.6352659694593,34.866444410133894,46,5360,320,4614,1592,9.03,181305,INLAND
-121.14748467185063,40.733756570974336,50,4457,1236,4639,1947,14.71,31304,NEAR OCEAN
-115.86745187786667,36.730322449575084,21,1463,509,784,2855,11.94,288438,ISLAND
-124.1163497652123,37.38443130047838,21,9623,154,3729,306,2.93,303569,INLAND
-116.17273643480709,35.92038600605179,5,2392,1760,2987,2298,12.01,214783,<1H OCEAN
-121.52017806127506,38.11966751200267,48,1638,2259,1562,2815,3.8,125777,INLAND
-123.16362513067857,34.078759641025066,20,3508,2448,4186,2675,7.54,417641,<1H OCEAN
-117.35475885974392,36.22007725989307,37,7842,483,2361,264,4.34,106549,NEAR OCEAN
-118.03541381832997,41.66216995317506,3,8852,2949,4280,2098,10.81,108464,INLAND
-115.5401809841884,34.96903560171761,44,9391,189,2941,2184,13.34,453206,NEAR OCEAN
-116.96988672020899,38.71989201333356,33,2003,1544,1867,432,5.42,121748,ISLAND
-116.28305145893611,35.60003850435438,9,274,136,4280,502,2.61,481962,<1H OCEAN
-121.51837289138408,39.818382112710914,9,2330,1761,3660,513,5.53,345439,ISLAND
-122.56850698045157,33.77152114735967,4,4387,2280,2212,144,10.58,293235,<1H OCEAN
-116.81382789352578,41.66601603418911,35,4260,2465,4858,2353,5.94,397087,NEAR OCEAN
-116.24937921775667,36.81015958442005,17,7206,178,726,161,5.25,269174,NEAR BAY
-114.40532837431324,34.76123486009023,34,9789,1319,4259,2567,3.99,146074,INLAND
-120.20731852380928,33.23160439237542,24,3271,1651,3514,967,8.22,268890,NEAR OCEAN
-120.61493841864045,34.13742188687376,32,1667,719,1475,1591,5.23,65411,<1H OCEAN
-116.55481387415035,37.43107285591213,1,1251,198,1281,2967,11.37,449174,<1H OCEAN
-120.9283324558597,35.7111998902184,8,7719,1034,590,118,2.53,273901,<1H OCEAN
-115.00519645094022,40.33979247295536,45,6133,901,3829,464,10.46,110696,<1H OCEAN
-115.73153597149616,36.594651597657595,23,8660,1506,3634,2575,4.71,166779,INLAND
-120.04289996515482,34.880401305049595,47,5046,677,3396,1240,8.11,161320,ISLAND
-116.81125447937336,38.347334323943926,40,8334,1542,2040,679,5.36,86309,NEAR BAY
-116.77438954418979,39.190773610892045,12,2007,2543,4508,645,11.26,224394,INLAND
-123.31463635688723,34.11186435334794,12,3590,2094,1982,1829,14.26,459936,<1H OCEAN
-115.28836881693715,34.11729682527307,46,2635,933,3087,2472,13.88,161109,INLAND
-119.27726618062351,32.885078127444636,47,4273,2391,3259,154,9.38,82421,NEAR OCEAN
-116.05236704027827,39.46954296176768,15,1393,1838,4875,877,7.75,251436,<1H OCEAN
-121.13670200565265,38.786400604921184,41,4869,299,4630,141,12.55,490083,NEAR BAY
-115.35894678589815,37.00627654080575,19,4896,2975,781,1420,10.72,317756,<1H OCEAN
-120.442415145509,40.48364392480015,26,6971,997,1173,330,3.98,496247,NEAR BAY
-124.2411899791378,40.12135613926,29,3072,1024,2487,552,12.58,28450,NEAR BAY
-115.2599649567506,38.04818456897344,22,4022,1375,2494,2541,7.29,24491,ISLAND
-123.43348176506721,40.71043274962977,40,5097,2886,2793,1645,4.05,132026,ISLAND
-121.14409107859223,34.47696578644599,21,7132,1033,1470,1481,5.3,89804,INLAND
-114.81137785080992,33.59316361853262,51,1092,938,4844,1567,5.11,370437,INLAND
-114.80590424474694,35.07834384437487,38,8212,2987,4440,1251,8.51,134498,NEAR BAY
-118.59268360324221,33.07718731580045,20,5387,2167,2256,2838,4.66,253515,<1H OCEAN
-118.00635438981521,37.538305258489714,29,2340,2722,2680,2539,3.17,415007,NEAR OCEAN
-119.84760695933767,41.353459564495594,51,1576,924,4491,1316,3.17,382619,NEAR OCEAN
-121.40616385215142,32.91022271769067,4,6526,1376,2259,2751,9.37,305458,<1H OCEAN
-121.05020796448603,33.68905429083435,7,489,520,3348,980,11.42,329027,<1H OCEAN
-117.59791470098654,36.795192856147125,28,1099,2037,3831,184,5.84,364230,ISLAND
-116.79615972444569,41.32776391493759,28,1955,140,3929,1153,1.97,211701,NEAR OCEAN
-116.40254640099248,35.515028947831226,4,8225,579,1727,148,3.22,378435,NEAR BAY
-116.42223384634268,37.313079549757774,22,8950,710,3572,1268,13.85,257223,INLAND
-123.43429072539115,32.93120060366419,12,2863,788,127,168,8.16,24967,ISLAND
-119.38602014078609,33.935909521053254,45,3763,2823,2085,2844,7.62,227826,NEAR OCEAN
-123.77211004943288,41.82418945704275,3,5086,921,4253,2626,2.01,320364,<1H OCEAN
-118.8327300214697,41.62176693346319,22,1581,1736,1621,2967,11.34,220235,NEAR OCEAN
-119.91703376621129,32.58648522059279,44,7356,241,396,1801,8.63,413163,NEAR BAY
-115.43745000510667,41.49654890083268,2,3831,2036,2281,1698,4.23,185491,ISLAND
-120.82681327397712,38.55411861484386,24,7362,2235,3502,2294,2.99,333275,<1H OCEAN
-123.17464715506684,40.70711115143341,34,551,394,2396,1969,6.68,496930,NEAR BAY
-122.91436351218952,36.81910204151461,27,9829,1058,2697,1115,12.8,43876,INLAND
-116.70443325755657,37.391758628930745,41,3193,2600,1001,2756,13.18,234516,ISLAND
-118.14309064430473,37.14004632021762,1,982,252,1198,545,9.64,378592,NEAR BAY
-123.33472833172718,38.815192663508846,8,4508,622,1777,2368,11.32,166043,NEAR BAY
-123.50556766660542,33.854118307256904,23,4168,241,2981,1501,3.05,470755,<1H OCEAN
-117.31226992015044,32.8220514807019,38,3377,2102,4966,2242,9.44,244192,INLAND
-123.6194594161035,35.43762075037311,6,8666,1963,1478,361,10.5,326372,NEAR BAY
-116.09852500472482,39.171045977351845,22,8051,1766,1348,1948,4.21,269767,ISLAND
-117.25932803934877,34.439440984476946,25,4790,360,3835,996,13.38,351639,NEAR BAY
-123.53325824235532,38.87699919758747,18,4695,2646,4341,1194,4.13,267313,NEAR OCEAN
-123.49822935058467,41.666872353869415,17,4659,2153,1364,2366,5.73,43261,ISLAND
-114.4441386318482,33.42360573557843,12,7391,492,2007,1656,9.88,121601,ISLAND
-120.59232121060855,38.86918593249844,6,8260,1310,1158,191,10.12,76260,NEAR BAY
-120.62875284344841,36.715689563656014,26,212,919,2849,226,10.94,489587,<1H OCEAN
-116.18949234473467,40.70921861369233,27,5231,634,2148,179,3.01,493009,ISLAND
-114.83962428306606,34.2069795186999,8,3297,1644,4348,1947,12.97,411562,NEAR OCEAN
-114.45054931921838,39.05761021044821,19,239,2849,2576,1082,8.69,71176,<1H OCEAN
-116.78608302000022,40.42666487558872,42,1524,1587,4116,1015,7.86,329444,<1H OCEAN
-120.5723537612696,41.42881980525056,1,3049,409,4703,2633,14.74,157412,<1H OCEAN
-123.51165280434536,38.96936394620557,29,3268,1773,3297,793,11.5,310156,ISLAND
-116.54744496408854,37.218414529319304,45,8808,2916,4686,124,3.09,181465,<1H OCEAN
-118.74362133265251,38.35394253029342,49,6143,2127,3653,255,11.71,117153,NEAR BAY
-120.09081102716036,40.71639590394474,35,7089,1852,4540,2779,2.79,483349,<1H OCEAN
-115.25020197364886,37.90943771587139,40,7336,2061,1861,1912,1.87,433773,NEAR OCEAN
-123.23357727764623,32.825942231747234,14,6361,2205,320,1653,6.95,472420,INLAND
-119.40404395291978,41.300227224720665,35,987,893,4918,2066,14.91,350417,NEAR OCEAN
-124.2360094065351,39.02844672720699,48,3204,1675,4723,1833,3.86,389472,ISLAND
-119.64464715437897,38.90599096016389,45,149,2814,2988,1180,10.58,387448,<1H OCEAN
-123.78471511215434,34.56950318406252,20,4051,940,1764,1728,3.84,383781,<1H OCEAN
-123.15706812066855,38.740112274889306,49,3660,2041,4086,118,11.28,163348,NEAR BAY
-123.17003648235786,36.24626405720563,13,118,2032,4676,1507,8.32,331783,<1H OCEAN
-117.83192856675473,38.66810231396044,38,4921,1009,3077,1316,10.68,399083,NEAR OCEAN
-116.85970941217515,33.54304041519819,49,6440,1518,1971,2384,4.24,22310,ISLAND
-118.49297759842452,38.73032431631457,46,8158,2990,1562,1510,11.57,181239,INLAND
-114.6897876133156,41.94448315950198,49,9765,1511,444,376,14.94,380088,<1H OCEAN
-120.58629938158201,32.99367528567783,8,2706,781,144,844,10.49,493096,INLAND
-121.48145065373012,41.7352090735226,43,7946,655,2168,651,8.16,156463,<1H OCEAN
-115.62926475297782,36.36900391040221,20,8743,2554,1614,1276,13.96,137013,ISLAND
-122.10509778126469,40.73378996767361,33,6532,664,2698,738,1.71,196693,NEAR OCEAN
-114.67924570401627,39.90224740498836,26,3865,2795,1101,336,11.35,156964,ISLAND
-124.22796907411424,37.87562301588454,39,2538,2054,1133,1097,13.5,353877,INLAND
-114.6124165798553,39.488807059054984,21,9841,1769,2140,2202,2.33,224658,<1H OCEAN
-123.91667448401621,40.80683143184569,49,6458,723,373,2103,7.58,444358,INLAND
-115.40292313847137,36.34296042673622,42,8419,1320,2747,1559,4.26,453895,NEAR OCEAN
-119.05188086477355,35.61738205031008,43,6041,2640,1879,2831,9.15,187687,ISLAND
-114.38063344696222,38.82205375815333,41,7744,1637,4576,2256,10.27,193625,INLAND
-123.6090824900566,40.14183031366724,9,4955,2954,578,1307,5.59,124264,INLAND
-118.78930298461074,39.71310311824796,24,6647,1661,615,1491,7.71,94071,NEAR OCEAN
-114.61820254238425,40.04742643575975,37,7296,946,4386,2106,5.27,187074,<1H OCEAN
-119.0980976445317,36.6388389923897,49,6011,1512,1291,1321,6.49,399755,INLAND
-118.03083767312197,40.235819974206954,41,6581,327,2768,1494,3.65,85658,NEAR OCEAN
-117.36468316259445,33.67116721103743,17,2861,601,1511,472,13.46,24852,<1H OCEAN
-119.78640770973155,37.663642411811594,24,4556,1686,3380,1620,1.64,282531,<1H OCEAN
-118.04931687595601,32.594188995287325,21,9707,2208,371,2348,13.41,404715,ISLAND
-118.48348430829208,35.59435265936155,51,6461,2482,242,948,9.22,374439,NEAR OCEAN
-115.30237357467047,35.988403043139854,39,5793,810,3432,2656,5.98,145381,<1H OCEAN
-123.89371834137175,36.26798502804309,41,5888,2791,887,1445,11.26,317138,ISLAND
-121.529129576494,39.084346414951604,39,301,1499,1781,2422,8.35,249484,NEAR BAY
-114.80786869987135,36.19633173295395,13,6260,454,722,2358,8.24,394056,NEAR OCEAN
-115.4117516097352,36.76220698887801,11,617,1408,3941,603,2.99,441941,NEAR BAY
-119.77520620203144,34.775290271527425,46,7837,1282,3776,802,6.76,218754,<1H OCEAN
-118.12386871807257,36.052299359232094,19,9633,71,2672,2189,4.75,146632,NEAR OCEAN
-121.56509292286943,34.67860719254625,11,2088,727,3360,414,1.71,401354,ISLAND
-122.46126355637344,33.228773642661054,13,3902,2708,4812,2935,6.36,333709,<1H OCEAN
-119.69446801440257,38.21845126371877,46,5908,2078,166,2476,2.71,278456,NEAR OCEAN
-120.80234363061842,38.8278824344027,45,7262,1281,4386,1140,4.97,426421,NEAR OCEAN
-118.49009263701724,38.36940415595048,1,6341,2105,4716,382,2.75,403026,NEAR BAY
-123.56954424487155,36.90147895216339,40,8499,2799,1240,357,2.86,419811,<1H OCEAN
-114.56707613103168,36.11378419148655,44,5733,1858,2414,674,4.19,102566,ISLAND
-114.44844412542479,40.663969642470875,19,5855,578,2632,673,15.0,298473,ISLAND
-117.34045639124176,37.424559598131815,12,6409,2087,3680,2759,1.53,249750,<1H OCEAN
-118.96759248190503,37.04910146849577,8,4217,2699,1287,1142,10.12,345331,<1H OCEAN
-121.24234273248527,32.78129183923856,8,8445,1726,4571,1652,3.41,90542,INLAND
-116.17949800214224,35.751142057962134,45,1618,706,4848,2984,13.93,123237,NEAR BAY
-117.47529902755905,36.11764077277491,12,6263,215,3439,522,2.76,391620,<1H OCEAN
-122.71732592897729,36.292922368239836,48,2700,898,648,1589,14.39,312789,<1H OCEAN
-115.20429106768182,37.9994219944292,33,2295,545,4187,1496,9.75,102502,INLAND
-116.09172608105138,37.561199964699924,45,3654,639,172,857,1.52,364454,INLAND
-114.81400887054909,38.26038692318632,26,2949,478,298,2910,13.57,346763,NEAR OCEAN
-117.06377613578087,39.73755149111143,39,1842,2871,3301,1204,8.54,310657,ISLAND
-118.19131143280467,40.19019580131844,28,1406,212,1881,1674,5.05,23749,NEAR BAY
-120.15083991564218,39.29753814729131,5,3949,2463,671,2571,11.86,176855,NEAR OCEAN
-114.9854060271257,41.53147797893594,8,7619,1312,890,528,14.01,75645,<1H OCEAN
-115.6547185494159,32.71156860298456,25,4295,121,1738,2121,8.03,228933,INLAND
-123.89600455213386,34.38227084528217,27,5278,704,1931,303,5.76,68175,ISLAND
-124.08527557604758,32.611166653544316,46,2655,318,1955,2343,12.15,492432,NEAR OCEAN
-120.57030779654438,38.63273706019481,23,2405,1826,1274,2875,10.7,470925,ISLAND
-116.2120445589504,40.990467465619375,30,7719,2512,3840,2432,13.5,163395,INLAND
-114.43774766167796,34.83116841078298,45,9380,1318,3377,2092,10.85,65762,NEAR OCEAN
-122.83981441332057,41.26339506653325,47,2742,1065,278,2343,4.79,496436,NEAR OCEAN
-118.38492761786456,33.10711614262477,23,9469,2772,2344,406,14.08,79222,ISLAND
-120.52585579942455,41.33304301223989,49,6509,1133,4186,1787,2.92,442709,INLAND
-114.61205944594138,35.84876948692496,47,4857,55,834,113,5.12,204400,<1H OCEAN
-115.89512601171748,33.494369995707125,20,3094,1031,898,1960,8.52,270539,NEAR OCEAN
-115.93317980470017,37.11205325394332,18,8851,2667,887,2061,9.14,27213,<1H OCEAN
-119.64432067565849,34.95626750224998,18,1371,456,2895,1180,1.71,112367,INLAND
-120.18521219652985,35.2206540074617,2,1913,2003,4404,822,12.04,193002,NEAR OCEAN
-121.6049929978157,35.43159856995636,4,8901,2123,4688,879,6.38,173785,NEAR OCEAN
-123.78399001362469,40.096473698605365,30,2561,1035,3184,1333,6.99,122157,<1H OCEAN
-115.66818734239926,37.613507613514145,33,4220,439,3018,628,12.43,480939,NEAR BAY
-116.18847386833403,35.469405449057994,36,6224,759,831,897,6.62,244408,<1H OCEAN
-114.31283456020725,38.28324090095575,18,8575,2668,1229,443,2.14,47583,<1H OCEAN
-114.34376615577798,39.278977844440256,37,4496,1521,3546,1402,3.88,143792,NEAR BAY
-118.77346567574962,35.105391846902556,19,9383,803,1705,308,14.4,94944,INLAND
-116.62936635158768,36.43149704535356,47,916,2243,3878,740,2.45,37369,INLAND
-114.86455207198043,33.68694813830068,28,7404,1461,2845,1411,6.29,194000,NEAR OCEAN
-115.8195401975988,34.24461537912134,40,7431,2882,3270,2399,8.29,477166,ISLAND
-121.86662505849829,38.94931900581049,20,182,1322,4789,2418,8.16,392988,ISLAND
-119.82653688148666,34.24733485181585,49,2020,575,3033,2047,1.55,34510,NEAR OCEAN
-123.05323947187898,37.48178744030704,33,7917,1535,1315,1019,8.27,27120,ISLAND
-114.77132768632242,39.21212532280809,12,2193,2110,424,1823,6.68,114847,<1H OCEAN
-118.26400667011316,33.54571184632154,51,7171,2481,1950,2144,14.62,113575,<1H OCEAN
-122.05442623274523,37.878407986707984,15,8067,605,1590,518,3.65,406413,NEAR BAY
-117.6061251285652,34.95425579462983,41,8467,2984,993,1849,6.28,282439,NEAR BAY
-118.14399246580273,41.60114189598563,39,5385,68,1490,2942,7.16,35460,NEAR OCEAN
-120.75404631095027,37.09016453563449,2,5037,624,3489,1488,6.77,29963,NEAR OCEAN
-123.20988177431572,40.12438989338424,29,469,2848,4339,1199,10.49,354260,NEAR OCEAN
-117.60740511624829,37.71763176169043,41,1918,1053,4579,2872,4.41,496038,<1H OCEAN
-119.12611068292591,32.94851193416385,10,2201,2516,2363,2580,4.48,42328,ISLAND
-116.59592334697419,38.497954444339754,2,3590,2516,3532,2256,11.34,361773,NEAR OCEAN
-119.12755844883559,41.49270545016465,51,1879,1988,2471,2788,8.25,139034,NEAR OCEAN
-115.79409773680186,38.201167227576974,11,7774,1989,3186,1645,7.1,36605,<1H OCEAN
-118.80885533870416,40.2485671672061,13,1464,1685,4412,1170,3.78,388045,<1H OCEAN
-118.71818276578472,40.86038282010852,10,7394,1748,1615,2526,4.03,190885,<1H OCEAN
-115.54839782931022,34.686230654039456,14,3776,2219,3017,1950,1.64,192443,ISLAND
-120.29903202322753,34.535341943536416,18,2526,481,2452,1219,2.73,123241,NEAR OCEAN
-123.00448710635557,38.28933110508783,51,8364,2141,1267,1057,9.02,324742,INLAND
-124.06102192981407,36.407777900881094,9,8189,1945,210,202,13.54,206848,INLAND
-116.76842195303686,40.443094859975844,39,3062,1993,4427,1269,5.38,269289,NEAR OCEAN
-118.12209210441121,41.009217591175286,28,959,1390,3755,2003,5.92,349402,NEAR OCEAN
-117.2810391282838,35.86569517923858,3,4238,2478,3893,1855,3.06,318113,NEAR OCEAN
-122.21183981845053,34.768951959949874,20,2524,194,1855,2677,6.75,182984,NEAR OCEAN
-122.98083038510883,39.88474509844474,6,9356,2460,1677,778,2.0,184446,ISLAND
-124.20397155669446,35.12592479450796,27,4117,1123,1396,2068,13.89,218374,INLAND
-120.83010090958176,40.28080073721372,2,8660,1138,3874,1088,10.59,77784,NEAR BAY
-118.42722642397948,36.52737696683486,29,8442,2452,2320,1205,14.88,458098,INLAND
-120.41186978719868,38.82164455233274,38,1234,849,1072,2575,13.42,424144,INLAND
-119.95775178288176,33.43898730318423,3,5266,2923,1130,1707,7.89,36274,<1H OCEAN
-115.27224670728276,38.41051624520655,16,5219,1201,2693,2969,8.52,144994,NEAR OCEAN
-120.85351511108607,36.79113385691733,30,5794,2495,4092,1602,4.07,311560,NEAR OCEAN
-119.1895455288355,38.059985638481216,40,6236,2006,4713,1889,7.74,232220,NEAR OCEAN
-116.48212375207892,34.12101369487917,2,5585,2977,1013,1285,13.69,207070,<1H OCEAN
-120.36871046549444,39.473981939924755,17,4264,512,2281,1031,2.19,377578,ISLAND
-118.10424952971215,40.658920499681784,41,2446,1824,3297,1525,13.16,258768,ISLAND
-115.69186836418268,34.5795215188542,12,5139,2095,1562,1161,6.1,437263,NEAR BAY
-114.81681293847727,33.440673967444724,35,4997,857,2478,2078,13.64,451572,ISLAND
-122.87338225147245,32.76243909469603,43,8352,236,3554,2658,14.2,183206,ISLAND
-115.0470602433786,38.58095181917113,1,5141,1793,3653,2540,10.56,475258,NEAR OCEAN
-119.40915241748144,38.25275487959543,45,4001,781,1407,2142,10.47,328454,INLAND
-121.75722634147846,37.6844226536394,15,1437,1985,1289,2860,7.61,357902,ISLAND
-119.74027700736785,34.72262217445133,26,1284,1263,787,2641,12.78,158435,ISLAND
-114.51047294413381,36.2184254214709,37,4526,1461,4761,1378,14.48,493365,<1H OCEAN
-119.4041143363116,38.13402231410189,21,1651,478,1307,1302,11.96,452779,NEAR BAY
-121.04933383271342,37.21457614186478,49,1729,2955,1994,2694,9.9,307772,<1H OCEAN
-117.99065542266007,41.83506174522209,31,9619,1357,1911,693,9.69,84672,NEAR OCEAN
-121.93893798746694,33.82389807155886,25,1626,2334,3283,2536,12.97,61246,INLAND
-123.58833218578901,39.08131025358786,23,9965,1267,3897,1521,8.81,419377,NEAR BAY
-123.05604759201708,36.34463960786139,24,1461,1360,1744,2305,12.35,104110,<1H OCEAN
-123.06441977686396,36.56935837645003,38,9865,820,4068,1127,8.37,279954,ISLAND
-122.82489695713656,39.29259497484344,28,4470,807,2816,2314,2.34,205932,ISLAND
-122.95617518659992,39.05582418396232,21,5383,185,290,1059,6.68,223271,NEAR BAY
-117.91561756217573,41.86771890073759,43,7710,841,1435,2556,7.5,86688,ISLAND
-122.52392395263259,33.74819026376332,18,2093,220,4903,2341,3.41,342692,<1H OCEAN
-120.87950047542842,33.519671800705005,36,969,2256,3206,2382,2.88,208435,<1H OCEAN
-115.34624436454364,39.35602826918146,35,1114,2298,478,2865,8.73,288306,ISLAND
-119.59142513176076,37.98262088903031,45,702,1630,4582,1273,2.65,365002,ISLAND
-117.64772030524888,35.11985187232777,9,790,1011,3929,915,5.59,88535,NEAR OCEAN
-122.61990849313563,33.287336262186365,38,8785,2680,715,503,11.55,415435,INLAND
-122.41941825116095,33.34604412870241,30,589,925,2430,992,14.52,85864,NEAR BAY
-123.93967909268454,40.954336130589354,44,6964,2468,1854,2825,11.19,149693,<1H OCEAN
-122.65389196675547,34.34547152560337,34,7340,152,563,167,14.9,133371,NEAR BAY
-121.55295299611913,35.58292639950705,32,7886,1051,1066,187,10.93,104792,NEAR OCEAN
-122.57281473786146,34.67283674495596,3,8124,1198,4367,2364,5.47,190505,<1H OCEAN
-123.45942656107916,35.880515237878534,3,394,2895,3258,2148,10.57,485066,NEAR OCEAN
-123.13881585414997,33.19327836024074,28,5588,1531,3724,1258,10.98,272416,NEAR OCEAN
-119.72378116895143,37.424352632446826,44,4127,707,789,1820,6.52,81188,ISLAND
-122.27840946720583,33.176234223402744,15,3012,2979,2722,1474,1.74,201023,NEAR BAY
-120.69273059507732,40.07135473860843,41,4844,1270,2312,2287,10.99,358862,NEAR BAY
-119.29569060061723,34.73923069077718,23,1973,2830,482,2765,1.79,253188,ISLAND
-117.41843592056117,37.62151211642845,40,3358,472,2356,2280,10.02,51558,NEAR BAY
-123.95530611599536,40.821544213953324,11,2917,2669,3910,1743,3.71,143938,ISLAND
-116.32391959495321,38.6647560427341,48,8736,220,3603,277,9.14,161731,<1H OCEAN
-118.04588008951129,37.555132771448065,32,3741,2270,1512,2957,8.3,311557,NEAR OCEAN
-123.52913931923332,35.59198061681568,36,4558,2760,1683,1481,1.68,287579,NEAR OCEAN
-115.57927061396796,35.67354800187764,33,5407,502,471,2527,6.4,265272,NEAR BAY
-115.1044410986606,38.83987224841497,24,9033,2447,710,1007,9.61,462127,INLAND
-123.73677728305717,41.89485138909119,39,2141,2025,215,2805,12.96,43067,NEAR OCEAN
-121.57014841260207,38.767906776482654,34,779,1707,546,2597,13.5,102794,ISLAND
-116.25573915087766,37.78874195745193,28,5838,2591,1491,685,8.03,370967,INLAND
-116.83747270854806,39.41542130135131,37,5768,2717,3424,2610,11.33,346368,INLAND
-122.49740896566196,36.91758481158979,7,9650,2103,1440,1089,5.77,481441,NEAR OCEAN
-122.24813279369943,33.10593944387339,4,7797,337,4610,1231,6.12,16379,NEAR OCEAN
-120.63046008797453,37.83121303741113,37,8133,1691,3039,2269,4.13,379691,NEAR OCEAN
-119.48538922868214,41.55125392719563,1,162,1497,3799,2164,9.09,123541,ISLAND
-118.14272209383583,34.189600687585575,1,7929,1963,1173,1319,5.75,435840,INLAND
-120.64610705871948,39.03294602262247,47,7452,657,4913,2474,2.64,499716,NEAR BAY
-119.7061514500232,34.43078601028172,20,7015,506,3669,417,10.75,234499,ISLAND
-116.84539178113708,37.582138510891696,19,8426,1814,3250,2956,11.05,129634,<1H OCEAN
-123.9817006429784,33.44972539117563,29,3744,1275,1705,1602,6.36,268579,NEAR OCEAN
-121.81553307878603,36.777990510189525,10,5070,1285,4757,2134,2.54,405845,INLAND
-117.18797015771909,39.65549692490427,18,8103,1079,2394,2142,7.26,334889,ISLAND
-115.36212334962052,35.81064804308882,28,3378,2721,3762,602,7.47,460021,<1H OCEAN
-119.21275848115872,38.79681932742472,35,7396,2473,4582,2122,10.53,118915,ISLAND
-119.00758060793623,40.02518413103135,43,9114,496,4897,218,5.76,420732,ISLAND
-123.27399300614864,41.26474328130165,47,3174,884,1083,809,10.72,225494,NEAR BAY
-119.85797983709251,34.74798199025982,31,8412,860,451,144,13.27,231915,NEAR BAY
-119.00252264479157,36.29756276776559,27,7652,1474,1824,413,4.71,144560,ISLAND
-121.91559614350732,33.97423468543923,11,1737,1461,2051,517,14.72,170915,<1H OCEAN
-121.6467979612682,41.87926975531031,49,5203,1008,1379,2703,6.72,151984,INLAND
-120.56206700242959,41.263079108167624,49,9216,1525,2007,1201,5.11,167586,INLAND
-124.14848517431162,37.62099659594007,38,744,2946,4948,425,7.19,233431,NEAR OCEAN
-121.1163251775449,40.463533300082126,5,2132,858,1124,1539,2.77,203104,NEAR OCEAN
-122.22706200975469,37.44221456612992,8,2861,1028,645,2086,3.2,437013,INLAND
-121.06192658413373,38.40794132410597,34,2168,2513,4274,2662,7.09,152521,ISLAND
-123.14758819653471,33.378660906211714,48,341,775,2481,2361,11.79,147797,ISLAND
-115.40910610137146,39.64709465687496,12,2768,2551,988,173,13.65,358550,NEAR BAY
-118.39033176631735,33.74178388100756,38,902,1266,1205,1702,10.48,24304,NEAR BAY
-117.53181271578933,40.31329640067629,1,5159,2247,2649,608,2.92,481274,NEAR OCEAN
-116.42672076438232,39.89888430497833,31,295,1953,2090,2479,10.57,140555,INLAND
-119.34564032275226,39.20928760576141,4,2287,2856,4098,787,10.08,421879,ISLAND
-123.47732030760226,32.88026918073801,49,2430,828,3875,756,12.38,347464,INLAND
-118.95745032014177,35.39243782944554,45,4941,1022,2912,1642,12.64,483224,<1H OCEAN
-118.45811517507038,35.01588928286103,50,3706,2860,1020,1392,13.22,109488,INLAND
-116.86578767918932,35.928883594306996,5,8568,1588,4745,1499,7.09,273490,<1H OCEAN
-120.01613815585402,33.36471824704772,30,160,1466,2161,2747,10.92,352735,NEAR BAY
-123.06909375993254,41.3567731147223,24,4027,2173,4587,1652,5.12,372188,NEAR BAY
-121.50088990578081,37.75127908510346,3,6396,648,3739,1175,14.99,158748,NEAR OCEAN
-120.7046537441577,35.414983763292,11,2691,274,3265,424,3.87,302336,INLAND
-117.86499089703072,36.27559607566901,45,8858,1603,4535,1091,1.64,276602,INLAND
-118.61938582112413,36.74817590615051,4,9863,2210,2744,2093,3.51,432938,<1H OCEAN
-120.77478887198562,38.191592676923406,26,6221,2348,4952,816,11.97,153518,NEAR BAY
-114.44538690211849,37.39254341462404,27,1300,890,1145,2870,7.53,396448,<1H OCEAN
-118.26802081365685,41.19147846794767,46,2954,1864,3656,376,7.54,412941,NEAR BAY
-121.96824301097061,37.216426374143865,43,7124,763,2781,2683,14.39,231669,<1H OCEAN
-123.32810397489114,41.87620691948737,27,9528,1156,3299,251,13.92,103207,NEAR BAY
-122.8152942425893,40.55190885238135,42,7072,174,1038,1054,5.7,203704,<1H OCEAN
-121.88058440701954,34.50208394010253,51,236,1142,541,1606,4.32,213017,NEAR BAY
-122.73675901247405,41.29690096979925,50,1129,2981,2650,358,12.95,88741,<1H OCEAN
-122.47686707852489,33.63500780410233,6,2694,1329,4325,2471,13.73,31365,INLAND
-121.48764450631377,40.232201756902114,15,7306,1800,696,968,8.81,342936,NEAR OCEAN
-122.60932910324065,36.12166519161462,30,761,79,1605,1291,10.0,210929,<1H OCEAN
-115.3464751367507,40.80173835538811,42,2572,2378,961,787,4.97,262481,NEAR OCEAN
-123.5444531935571,40.708413453911106,37,186,2067,2740,409,12.31,161776,INLAND
-119.08390564871465,40.123758015106816,37,6319,2465,3831,2950,10.03,327719,INLAND
-120.2296158570238,39.97418640564945,42,8243,544,1651,1602,8.3,175974,NEAR BAY
-114.4869186862376,35.407030698912564,37,7068,1659,3336,2767,2.31,396785,NEAR OCEAN
-123.22512942223275,33.30145045351228,35,2873,767,1836,572,13.87,247366,ISLAND
-120.35552978558076,36.33204348218017,23,1800,1066,1549,2608,9.81,409411,NEAR BAY
-114.6165168499153,34.172865686023044,6,2800,1387,364,913,4.1,265319,NEAR OCEAN
-115.66030845602444,39.079489746572165,4,6915,655,2759,945,9.69,330661,<1H OCEAN
-116.14659640766924,35.796798426720564,18,1747,424,2821,1264,10.65,49012,<1H OCEAN
-121.7606556164688,41.7204919900918,9,6138,2736,1562,766,8.6,157487,INLAND
-122.63428862260373,38.571547247819574,49,5264,2010,4352,2409,11.19,447750,ISLAND
-117.63682207195872,40.279542103799336,29,5620,1098,1545,1908,9.35,36686,<1H OCEAN
-115.01906506915904,33.787057170500795,13,3787,1407,2398,1543,14.29,223270,NEAR OCEAN
-118.76010055414014,40.65155627818538,47,696,165,3025,1867,2.22,174815,NEAR OCEAN
-118.6110085977222,41.22314516273104,17,4645,2145,1732,1364,2.93,47161,<1H OCEAN
-121.53900989965075,37.12325265608619,45,8776,1851,2474,454,3.84,469529,NEAR OCEAN
-116.62429095075295,38.2448401442367,32,8937,2196,612,1972,10.82,262066,NEAR OCEAN
-122.47208076448246,39.736860226497186,48,4857,1532,315,2124,10.22,254689,INLAND
-121.1002604665014,34.18523148252048,22,4484,1596,3431,2917,13.54,279546,ISLAND
-120.07861815629117,37.269146779520995,4,9012,1670,2272,279,11.39,78190,INLAND
-119.25359179800807,36.29141909133747,5,4833,2502,3253,165,8.36,261256,ISLAND
-121.9162062865526,33.91737926624676,37,7181,734,1806,919,14.89,460767,NEAR OCEAN
-123.1970382796184,35.998498913763314,41,8790,2600,2206,1471,5.09,290419,ISLAND
-118.219374773886,33.18150143131749,49,7217,1521,1667,270,12.75,174254,NEAR OCEAN
-121.45214924546782,32.78289004439467,13,4829,2991,2308,2621,7.26,29915,NEAR OCEAN
-118.51436825691697,33.81191478094688,34,1773,1649,2431,2681,10.26,278053,INLAND
-122.80019833864701,41.60291320005413,45,8406,2355,2253,1490,11.32,391254,INLAND
-119.51935337737763,37.71107293277211,22,7278,2941,1228,1230,10.06,80908,NEAR BAY
-119.00280209718207,41.6283865364518,23,2394,2218,3610,2586,3.4,142337,<1H OCEAN
-123.82969169030282,36.609805035086545,51,3730,859,4423,934,7.48,299764,NEAR BAY
-120.97049304693303,35.47418981233229,3,246,1027,3753,326,9.08,49112,NEAR BAY
-123.00047664353269,37.302794929326694,42,3553,2151,2465,541,12.96,220123,ISLAND
-123.7137152964534,36.67580499003569,34,4607,1404,4997,2543,7.49,17431,NEAR OCEAN
-114.41079926680496,33.53430467890301,32,5883,833,3021,827,13.9,101590,NEAR OCEAN
-121.11356739645377,38.57017562123484,45,7851,290,4667,1704,7.45,339319,NEAR OCEAN
-116.21886056361947,34.57291929741533,51,5728,1828,1179,2231,8.91,132472,<1H OCEAN
-121.7934078261718,38.37032265558858,49,8428,1603,3611,1136,12.25,309768,ISLAND
-117.50771266887175,38.658392279466625,21,3460,532,2841,1932,9.37,222193,ISLAND
-116.71731228670755,33.97055386794058,46,3105,1062,3120,1948,14.46,76264,NEAR OCEAN
-118.36978704429724,33.11729999111139,44,3652,236,328,2840,10.41,390910,NEAR BAY
-119.6153750669564,39.88696652490402,21,118,1931,270,592,8.56,178030,<1H OCEAN
-120.21511722196142,36.8667219876693,44,2342,2753,394,1648,1.82,409911,NEAR BAY
-120.84736260390832,33.087321315706525,11,6418,2359,4384,1243,7.09,377355,INLAND
-115.01752739175183,41.90169204456751,39,5197,1002,525,1069,5.54,134502,ISLAND
-116.0105811458112,33.08371507897581,4,8740,1437,1018,2500,11.6,458148,ISLAND
-114.66112981690821,39.080281503558986,51,2048,540,3353,2187,4.31,245395,NEAR BAY
-123.10205587620513,41.79641868672873,1,9237,480,598,739,4.27,321369,<1H OCEAN
-117.01209054895541,34.79068478067186,28,5718,288,2909,272,4.06,147475,ISLAND
-114.92906181351678,33.87856655934652,24,4336,2401,925,1670,3.2,491562,NEAR BAY
-122.53042001569676,33.682232279965056,35,7001,2395,3879,358,5.7,220463,<1H OCEAN
-123.68237747563755,35.39381913861107,13,2020,125,1958,616,13.46,184708,NEAR BAY
-116.9091486811278,33.490841081610185,47,4288,1406,2218,2877,11.96,287983,<1H OCEAN
-118.58228994367369,39.05323822534179,34,338,1973,245,622,11.43,473762,NEAR OCEAN
-115.89803908134695,33.12616582040389,11,304,1831,4665,2017,12.26,250706,<1H OCEAN
-122.94668533867205,37.333662225889526,36,5652,2739,3677,2986,5.14,193901,INLAND
-116.3655161889267,41.91891739475651,51,5027,876,292,2264,13.48,155302,NEAR OCEAN
-122.32566170672064,40.199460236051635,17,4490,2380,3988,2331,3.35,66977,NEAR BAY
-122.70689433362833,38.329214913753816,35,2787,640,151,2029,6.04,448448,NEAR OCEAN
-122.70077138877282,35.42184657160202,18,5051,2169,2510,1239,9.42,390194,NEAR OCEAN
-116.17166980887693,38.41085981950432,40,6260,2800,1920,2309,2.89,240864,NEAR BAY
-117.67141990421015,37.49946017540864,22,5488,1952,3064,2690,11.36,40651,NEAR BAY
-119.09842313531804,36.549444642408396,24,9640,1960,2621,938,6.73,112919,INLAND
-120.74734193940003,33.76998464512528,19,5226,624,1969,1189,12.09,317107,NEAR BAY
-115.5429065702364,40.88294566541279,37,916,941,2668,1193,8.15,201944,ISLAND
-120.40985112147673,36.772473545408644,39,9112,2109,1967,2594,3.94,132776,ISLAND
-116.15134162770536,34.3713978362334,21,292,190,2838,2563,11.42,356342,INLAND
-119.941085517955,36.0006154917553,8,1876,1839,3369,2679,4.9,159811,<1H OCEAN
-120.56547792857393,36.436960971297204,28,3745,66,3299,2588,8.13,145697,<1H OCEAN
-119.70469495187714,40.32713159728429,5,6414,1136,2679,2885,2.52,340438,ISLAND
-121.324166143392,39.443311321082795,17,8542,302,4105,2069,9.84,194428,NEAR BAY
-116.84400182303044,39.77915904916501,37,1888,514,340,2611,10.49,16789,INLAND
-119.30268728347151,32.64380419827357,36,7474,425,3540,2543,6.61,427636,<1H OCEAN
-122.01858454072595,36.456009122871556,19,3800,1877,4731,2858,14.38,366441,<1H OCEAN
-115.31827128432333,37.069448466888396,27,9459,569,1507,1674,13.3,251974,NEAR OCEAN
-120.49573213741296,32.72059932490496,34,3993,1910,3602,1680,11.06,276413,ISLAND
-118.89272927441556,34.98484229429077,11,6911,139,4138,2542,11.13,183678,NEAR BAY
-115.24902000591595,39.694327235579294,45,9388,769,182,2473,4.91,446856,INLAND
-118.08265052102352,33.830202330909884,47,2779,2901,3868,1214,10.37,395485,<1H OCEAN
-123.17634367128802,37.577268336968885,12,4004,2893,1050,849,4.18,59135,NEAR OCEAN
-114.91408547892071,34.565049615682206,21,7360,679,710,1193,3.44,52067,ISLAND
-118.04781114716296,32.65405648939903,11,604,1934,4769,1289,14.99,466636,ISLAND
-120.98754762884285,34.809705716011685,39,9913,125,3705,2789,9.9,294501,INLAND
-122.95170839045959,41.72297203370361,28,9679,975,4654,2361,7.32,185923,<1H OCEAN
-116.37798709972623,40.082464222818935,5,6873,2497,3383,1975,5.39,315406,INLAND
-118.12446953047773,41.569616223060926,17,3916,1855,2273,1887,9.65,222925,INLAND
-118.99405063655773,37.13070655334707,20,817,1019,3584,2516,2.17,335787,NEAR OCEAN
-115.37531846616838,33.57261762955531,41,4534,1144,1622,1707,2.78,429750,ISLAND
-116.43248399930572,37.696298791242455,46,758,2078,2701,148,1.94,368414,NEAR BAY
-122.82718420748317,36.81569071820923,12,5157,1454,2757,1175,8.24,178944,ISLAND
-121.22031043933269,40.485400148579785,6,4108,2894,2259,1412,9.61,415905,ISLAND
-121.85516903626277,33.46295708517974,17,5094,244,2549,1749,2.34,84103,NEAR OCEAN
-116.88077922257033,37.13434909937493,51,4334,277,3930,2280,11.24,363412,NEAR BAY
-124.01333435525277,33.95195793477039,19,3864,1509,221,2933,4.61,101310,<1H OCEAN
-118.62830756389198,35.595200472035465,26,4737,510,4468,1289,10.75,496947,NEAR BAY
-116.69491479516347,39.478530098219196,48,2204,667,1417,1497,14.76,52412,<1H OCEAN
-115.54727300691204,37.019330597360096,44,9547,113,4593,2520,10.83,324878,NEAR BAY
-120.91549924289228,36.07710876322169,44,6901,2262,2618,1928,13.42,364937,INLAND
-116.10457666109299,36.252021781344034,32,8675,2124,1330,578,14.3,216002,NEAR BAY
-123.23925736096972,36.86339409070033,6,2707,334,1233,931,8.07,37228,NEAR OCEAN
-115.85161899098544,39.927005677506706,36,8485,1733,1401,2797,10.98,135627,<1H OCEAN
-123.0700138301869,40.93451692292761,38,3819,2378,4134,1714,13.0,355068,ISLAND
-120.36123560277392,41.52969940000197,11,2681,887,2010,781,6.31,26319,NEAR OCEAN
-116.34515452757329,39.94476086466233,33,2665,880,1605,2835,5.03,21475,<1H OCEAN
-122.8448290294183,35.5079788889888,24,2863,1237,3285,1423,14.28,243163,<1H OCEAN
-122.04831599186427,39.015347584274366,23,6428,273,2016,181,11.31,491910,ISLAND
-117.09858421333361,36.65784539736124,15,6091,833,3648,186,4.47,160800,INLAND
-117.12083317307741,34.93645055345334,27,3506,999,2857,2372,7.56,256382,NEAR OCEAN
-117.91287776583161,40.45260156239793,11,9023,94,2056,2163,12.25,306689,ISLAND
-117.38275761755031,32.901591943735475,51,4880,1860,278,921,8.89,373780,ISLAND
-118.90104658879014,41.02558034599434,50,4277,520,996,262,10.27,489902,INLAND
-121.82193744857419,36.88250294211875,17,6576,2131,1651,2661,11.68,244484,NEAR OCEAN
-120.87921222522064,38.53606589676592,51,2704,2750,591,2497,9.9,207828,ISLAND
-122.52675892331368,38.744520407956415,14,8281,879,160,2032,8.79,214847,INLAND
-115.22915636421037,40.96305794004851,27,2482,1959,1177,2828,11.62,446915,NEAR OCEAN
-118.49274638054816,38.53106170919342,18,631,2318,2995,1950,11.32,445037,NEAR BAY
-120.32545177569305,38.317115032592184,28,6179,1941,4260,1960,10.0,307759,<1H OCEAN
-119.71146173141291,33.16719570167609,51,734,2631,3783,1215,6.36,290890,INLAND
-114.83927527029738,37.41821948650437,47,102,741,685,2328,6.98,494673,<1H OCEAN
-122.81035191271455,33.95309029768836,47,8497,1440,4060,2890,14.6,168817,NEAR BAY
-118.46425248655136,39.47925176366918,4,6051,981,3870,2807,3.02,278389,ISLAND
-119.27087766399995,37.36000827484727,7,5726,890,634,1982,5.12,132408,ISLAND
-118.21099947623614,38.940943402350605,45,7839,1988,3562,2640,8.15,127143,NEAR OCEAN
-124.16817375443875,32.932141994668434,35,6103,1623,4111,1022,12.8,433069,INLAND
-115.59387595420073,33.337892870991006,48,2990,2679,3498,2275,3.71,304776,INLAND
-114.99153244386453,39.28060308166984,9,6339,2336,2255,1549,5.24,290000,NEAR OCEAN
-118.67606283676434,33.21831360174752,8,8126,2538,1104,1682,2.39,202965,<1H OCEAN
-117.355625728276,33.210525808271086,45,3406,197,2599,664,11.03,478857,ISLAND
-115.08810621297995,32.65394075196029,17,997,1082,426,2697,4.72,247298,ISLAND
-117.24932411149348,41.54067815799811,17,9377,1361,4803,2600,6.75,83049,INLAND
-122.81850800914081,39.47995366250926,49,9571,437,2806,570,7.49,335326,INLAND
-118.5640648639252,35.864095754004424,33,770,1923,101,1087,13.53,411017,NEAR OCEAN
-118.25858093431613,35.330399819916835,32,7391,965,1133,2885,7.05,243953,NEAR BAY
-120.09172806012404,35.83070739190845,8,1605,1928,2581,2034,3.46,225503,<1H OCEAN
-116.95609987432778,39.82948972841493,19,6560,2735,224,323,8.58,185821,NEAR BAY
-114.96895517171909,38.7634974501726,38,5267,327,1204,2301,14.5,219829,NEAR BAY
-115.05729213041597,34.282690293632875,3,5355,2027,2799,2707,9.7,332798,INLAND
-119.82357271110251,34.178368845493736,5,349,1909,1961,450,14.78,217646,INLAND
-123.21309001975881,33.46590306380307,13,6557,1875,3020,2028,12.85,332525,INLAND
-114.46219436241816,38.753448592389596,47,1992,2686,228,448,1.99,73601,NEAR BAY
-115.92746321208283,39.73274675150654,46,3539,1883,537,281,10.39,161154,<1H OCEAN
-123.0983866807192,35.03408689053829,31,2954,2746,4946,736,5.37,160720,INLAND
-115.10474749852159,32.73709208330089,16,9795,667,2648,1117,9.05,277508,ISLAND
-115.61624052489623,33.31323539095318,50,3892,1680,3229,2326,5.27,180640,<1H OCEAN
-119.14086590645424,41.64756292789174,32,5430,2232,1321,871,6.21,487862,ISLAND
-118.41359462512091,35.32013535606252,22,7971,629,1001,1115,13.96,479710,<1H OCEAN
-120.3440128531439,39.778389821156836,29,8335,1220,3268,2211,4.29,220704,INLAND
-123.8001931462268,38.418084182918626,22,3712,539,4586,128,13.3,284580,NEAR OCEAN
-120.98461969387515,36.134052009133754,43,2718,2575,4018,2519,1.91,363857,INLAND
-116.28935137607597,34.47551713726018,3,4778,1232,1167,2244,2.73,434970,NEAR BAY
-124.30349448903378,33.682246194880015,10,3263,433,126,1993,13.04,337338,NEAR BAY
-121.00166831622091,38.327272029245734,42,9580,212,647,1565,10.01,39544,<1H OCEAN
-120.35238631634692,39.829303875801585,21,3042,2538,2768,1326,11.59,468396,NEAR BAY
-118.95454814650326,38.59913902582204,16,8511,1926,666,2168,4.33,78295,INLAND
-115.11464961121588,37.530143073874584,12,2025,1262,803,2882,8.75,420854,ISLAND
-120.87268621656574,32.9347610124917,2,3072,2512,4380,1225,11.45,211787,INLAND
-120.86658985296187,41.65347939716315,41,1090,1412,3240,165,9.97,84409,<1H OCEAN
-116.94548746897813,40.05590054346955,24,1912,1680,1690,2750,7.87,264720,NEAR BAY
-119.80973187346633,35.29545536535608,35,9095,1254,4794,1234,14.46,491322,ISLAND
-122.09496757768258,41.76152079926679,30,589,337,905,437,10.63,141839,NEAR OCEAN
-119.80750725802775,38.203705758477795,30,5976,1907,3891,2270,13.75,390903,ISLAND
-122.9357955153868,38.02059721373019,47,9785,236,1457,1828,11.35,294301,ISLAND
-122.57907465547751,39.5793686184319,35,3745,1957,3325,546,11.43,191637,INLAND
-119.34638756169562,40.178753705928195,19,7181,1211,3718,2758,2.58,216068,NEAR OCEAN
-120.14398848697434,38.71746369498944,50,2991,179,2226,2818,6.35,80888,<1H OCEAN
-115.16494715327627,33.74538097330594,8,9997,2291,2560,2762,13.09,202167,<1H OCEAN
-120.71156525286901,35.72309723140823,26,3616,2413,645,380,4.64,342091,ISLAND
-118.52089296320844,41.27326705546813,49,3440,1937,2828,695,3.06,495338,ISLAND
-118.00206654928792,34.65363290745065,40,6510,193,3834,2086,5.9,348024,NEAR BAY
-124.21853165585313,36.042091694311,7,153,65,2662,2850,4.48,19507,NEAR OCEAN
-117.68808478495222,36.60584346850489,30,2675,2520,2179,1174,13.99,380278,ISLAND
-122.5625188926277,36.6748009530248,7,715,294,2741,309,13.22,58988,NEAR BAY
-114.70085401260667,38.30776147127349,3,6044,976,3214,225,8.25,375565,NEAR OCEAN
-122.85742621335874,41.4143436331777,1,7504,2226,2026,591,2.33,162937,<1H OCEAN
-120.18717379778067,34.804918418343874,36,1054,956,716,1069,11.15,379735,NEAR BAY
-123.49308933249041,33.68332795099164,25,1729,936,3744,680,9.92,406758,NEAR OCEAN
-114.34138251146669,34.39819730958201,37,6959,390,1303,2924,14.6,42213,NEAR BAY
-119.30796209627432,40.88596331096923,1,8941,2101,1859,2405,9.05,464170,ISLAND
-118.37233442610676,38.61707974708549,15,3378,1483,2665,1311,6.04,72450,INLAND
-123.67655216702018,35.2303828867405,37,5555,355,3274,329,8.51,412693,<1H OCEAN
-116.82039687719225,40.21806069569469,13,3901,957,3181,288,14.72,77222,ISLAND
-122.24254784532032,40.645491665779936,40,2661,2704,2730,2157,10.9,414749,ISLAND
-115.33353493401523,40.50569992707552,8,6639,1421,3261,2823,10.57,457611,NEAR OCEAN
-122.29039800956065,41.18709868154821,5,470,370,4421,601,4.75,169468,NEAR BAY
-122.43549528453678,34.913587999831336,9,957,608,769,2232,11.54,27755,<1H OCEAN
-123.98304133480512,39.64494454950248,1,4986,1254,3268,148,11.63,146937,ISLAND
-119.6104478710956,36.873676669349656,36,7585,2715,2221,2985,5.78,157245,NEAR OCEAN
-118.67899502204332,40.46320638269548,35,483,2808,4178,788,8.03,204977,<1H OCEAN
-123.69028526013933,39.39509727209078,2,4434,1459,4251,486,5.48,184169,NEAR BAY
-116.5637027283821,39.84637047156241,40,4390,1691,819,1069,4.99,310515,ISLAND
-119.7989800991298,38.714482892578886,23,2825,1181,2700,1105,1.85,250132,ISLAND
-119.0851216959511,34.20960472070994,9,6304,2628,3698,2365,5.35,419470,ISLAND
-119.92474202074018,37.66870330682019,34,6211,2507,4769,1824,8.98,150090,<1H OCEAN
-120.32633886881172,41.805742248925625,46,4351,867,766,2104,1.52,282336,<1H OCEAN
-118.73121107366549,41.36082170573789,14,1022,1244,383,2402,5.32,279159,<1H OCEAN
-122.79138793085565,32.94626485384988,4,3015,2590,4003,2383,13.4,385298,<1H OCEAN
-122.52344156982747,34.090907416014005,30,8057,61,3665,1707,9.51,214988,NEAR OCEAN
-115.69767236502429,33.77956775820743,31,3146,244,2334,1889,9.71,43343,INLAND
-114.85100076017832,39.37147095296163,38,9266,2587,4693,370,6.95,346450,NEAR OCEAN
-120.60197446455128,40.235359953953854,11,1330,2892,1565,222,10.63,20829,ISLAND
-121.63172348163872,34.54914195698342,35,7747,2978,229,2803,4.06,49381,NEAR OCEAN
-117.88424458588028,37.30007384067671,8,5033,2279,4834,1380,12.55,388595,NEAR BAY
-120.2463089221751,40.451015493585395,3,9655,705,2160,1544,3.08,227153,<1H OCEAN
-124.09512098917013,39.43566253625042,14,4040,1971,3772,358,10.36,295407,NEAR BAY
-122.78222792244344,37.642452103678295,13,6583,2791,2594,1047,6.11,249748,NEAR BAY
-117.16163882237213,38.09517176721705,45,303,2127,1092,2194,11.59,461476,ISLAND
-117.73440362322208,37.323672746482195,32,260,1669,2221,962,8.92,451522,<1H OCEAN
-124.07795623526502,35.3399309269101,34,9060,1169,2684,624,7.61,499427,NEAR BAY
-122.12139949419318,37.85685695280334,45,3848,827,4296,987,3.79,335562,ISLAND
-122.03000904225576,39.02241069229135,19,6818,493,2323,307,10.1,236970,<1H OCEAN
-117.60419685426876,40.757968638250205,38,2681,347,4622,2894,14.66,15148,INLAND
-124.15210620094618,38.52750164094473,16,1193,857,3288,248,12.65,409970,ISLAND
-123.30474983687488,39.70215366357612,2,4600,1810,3337,537,2.31,303889,NEAR OCEAN
-116.31884250285319,34.04627408492253,40,8899,894,4236,2302,6.58,87914,<1H OCEAN
-122.55741159297449,36.883255834290225,17,5810,1065,4624,1821,14.0,464049,NEAR BAY
-117.79642907716718,32.627810542572945,34,9832,1434,443,457,8.29,428356,NEAR BAY
-121.95864487829087,34.86124811514847,42,2975,1447,4561,1340,10.44,483123,NEAR OCEAN
-123.35160841669617,39.37600473921338,16,3291,603,4804,2030,13.82,75653,NEAR OCEAN
-121.90855120236547,41.872931642197514,38,1937,2400,4923,555,13.3,238607,NEAR BAY
-117.09844000416918,33.473265917115704,2,789,470,2376,2923,8.27,207593,<1H OCEAN
-115.75880746021289,36.31806151225472,2,3859,1319,3301,1732,7.41,355459,ISLAND
-116.0145925597474,40.068667815459094,26,2203,1310,988,728,6.09,308219,NEAR OCEAN
-120.3622773626307,34.45997532185794,13,465,234,2143,2979,11.21,438913,NEAR OCEAN
-117.64242522883072,37.76334937293451,47,8192,517,1441,585,5.37,462760,NEAR OCEAN
-122.29195767402516,39.43820089563924,31,4272,2851,3820,2680,4.87,24795,INLAND
-121.40679678817942,38.33642308694829,34,6133,2460,2983,299,6.31,79555,<1H OCEAN
-115.35078838204797,34.30931275273107,39,2478,1356,4312,470,3.89,460420,<1H OCEAN
-124.2194606879522,35.88416879133281,3,1305,1626,2515,1113,10.88,250068,<1H OCEAN
-123.49149435022113,39.91548069200759,8,5088,385,1217,2082,9.82,477970,<1H OCEAN
-122.26282199833388,37.75527149798228,23,5769,2259,4363,1571,8.02,473076,<1H OCEAN
-124.08361667310685,32.589210663438806,14,2835,1547,3101,347,6.77,118107,NEAR BAY
-122.52838823169843,39.700923051864365,27,9967,2109,1838,887,13.77,328673,NEAR OCEAN
-118.49626272786429,32.87227984998765,29,8590,1497,1464,2411,1.89,419888,NEAR BAY
-120.11889751205132,39.55735489550089,39,1056,637,2808,2178,11.88,462454,INLAND
-115.38757602078718,34.44534207115488,39,9406,1931,4890,1621,13.68,242650,ISLAND
-116.14286664014605,41.55547144792337,1,6723,250,1024,1372,7.53,182022,NEAR OCEAN
-120.91815378895332,36.00232246975261,17,1574,571,251,704,8.93,26009,INLAND
-121.74538872834982,35.61642650974132,41,4560,1937,685,1789,14.25,193168,NEAR BAY
-120.53788822200063,33.9410365536283,30,7102,2602,1012,1517,4.37,165616,ISLAND
-118.42343877715133,35.415735667762924,13,6496,1761,2421,1920,8.52,463944,INLAND
-121.65864104613831,40.78928366880337,21,2928,837,595,601,7.91,44381,ISLAND
-118.08354496519469,41.9155061170724,19,2950,109,3895,648,4.99,404913,INLAND
-120.23950701199995,36.00579268206944,19,3064,627,2248,1465,12.55,433503,NEAR BAY
-118.80744630424611,36.76142603728225,25,4694,370,656,938,13.64,341754,ISLAND
-119.97128964748141,39.334687528487756,22,9241,1508,1652,1530,12.06,83122,INLAND
-121.39356377419914,40.879102294176356,31,6744,2087,2220,1548,4.14,345328,NEAR BAY
-114.82752879809995,38.12054718469764,17,2950,972,3185,947,2.67,448297,NEAR OCEAN
-116.683397826636,36.22425681985337,23,265,1459,3604,713,9.67,229709,NEAR BAY
-122.94326371530481,36.42277152238555,32,1019,1744,256,511,2.27,453528,NEAR BAY
-115.63058152198495,39.08576675853495,10,8405,618,834,2579,10.58,102228,NEAR OCEAN
-119.45619076957487,32.57028386051626,10,3604,1151,4754,777,8.66,350087,NEAR BAY
-115.36869564198332,38.3703356654971,36,1091,576,3376,258,10.45,491006,NEAR OCEAN
-116.31945323028896,35.885189228253175,8,6147,2621,254,2161,9.47,95770,NEAR OCEAN
-120.08085641512889,40.01339688731736,20,3939,2710,1096,472,7.21,67726,NEAR OCEAN
-124.12440814446602,33.415041920735675,32,1358,2222,2394,2372,4.21,430427,INLAND
-121.65247931177514,38.074983331984356,50,7709,920,4726,1196,5.63,437696,ISLAND
-118.9119924848049,37.065954893828426,14,8806,329,3005,2658,8.58,324924,INLAND
-117.98987867294548,38.58428319876819,50,4904,2719,4924,702,10.3,203210,NEAR OCEAN
-121.76080763825064,33.15027232408473,28,167,2943,1277,315,12.02,236454,ISLAND
-122.95086501630884,37.99764743969872,46,9888,1942,253,2096,11.86,319647,ISLAND
-115.96730042253503,37.82356997269912,24,5760,1801,4287,1664,14.63,335037,NEAR OCEAN
-114.46660210573634,37.81581148845617,15,4578,723,1816,1940,5.36,192265,ISLAND
-119.07207056968103,38.21881894267264,22,8310,1201,3302,2062,2.46,260074,ISLAND
-122.62633997008302,38.90556328930007,30,3621,2411,2957,2987,6.17,338502,INLAND
-121.61603444174553,40.11494648699605,4,672,381,886,826,11.53,95857,ISLAND
-124.16535760746343,35.079012976406496,13,7182,1223,4468,1344,7.41,486398,NEAR OCEAN
-115.17043998213259,40.30371494979438,23,7932,2089,4372,2701,12.54,397601,<1H OCEAN
-123.16777912778298,37.2285859700991,8,5495,1527,3867,1165,8.92,430333,<1H OCEAN
-118.5617745858369,33.265118406654054,18,2358,85,2978,775,14.05,274405,<1H OCEAN
-121.59848558430045,33.09096424418584,12,6139,1758,742,382,14.3,205128,NEAR OCEAN
-118.78605285474143,35.68518257892993,31,750,1493,4762,1181,2.44,132928,<1H OCEAN
-117.80973930094729,39.925880554618914,14,5841,2303,765,2981,7.66,73706,INLAND
-116.01939229077969,39.19927759591202,34,6938,2736,3526,2684,9.73,478645,NEAR OCEAN
-122.27753043152354,39.96086681756735,18,2687,2945,3883,2008,4.95,417692,NEAR OCEAN
-124.23960188026885,37.407501821115545,34,7976,1429,3801,1252,7.0,359950,NEAR OCEAN
-122.97566827410917,36.682272570761164,11,3362,489,1169,2989,10.65,70006,ISLAND
-115.31381283584503,33.927528276306134,41,1438,2826,2449,1047,4.56,102238,ISLAND
-115.57614362127235,35.62829381146362,12,5096,1169,4603,764,9.63,263018,ISLAND
-118.3519724542101,36.62412223569617,49,5880,213,1312,1817,10.92,478134,NEAR BAY
-118.32081072124612,33.3737300432852,15,2927,197,1252,1248,2.72,209227,INLAND
-117.6730317875556,34.6159584750125,31,5332,2391,2611,166,8.22,475537,NEAR OCEAN
-122.58927236262056,38.16930001713978,49,2317,244,243,2153,5.05,322942,NEAR OCEAN
-115.1693040629134,39.46258990499078,29,3639,712,2589,736,11.28,92271,ISLAND
-120.14554393008359,41.93445008220766,26,7945,529,3328,413,4.06,307321,NEAR OCEAN
-120.50328917637505,41.32059644794288,18,9329,172,4682,664,13.55,405166,NEAR OCEAN
-119.14006623896032,38.58653852762615,32,4483,1473,3305,1701,7.32,407300,<1H OCEAN
-123.87846169357844,36.50394418149722,22,3061,2796,4343,925,4.17,359359,NEAR OCEAN
-122.68051497768896,38.526429001904475,38,3326,1014,3242,2653,7.41,58013,NEAR BAY
-116.94014249107924,39.93298172613498,17,6937,2758,3404,1205,7.02,97600,ISLAND
-123.51870137403172,33.65354355658907,23,7131,1828,1457,1125,7.29,373243,INLAND
-118.29435282095746,36.39720501204207,24,9390,1535,2813,2351,9.41,330594,INLAND
-121.88669493879954,40.44253950783116,50,9231,2064,4285,761,8.54,456144,<1H OCEAN
-120.44147203501855,36.15186807768995,8,3816,759,1457,904,3.52,399784,INLAND
-121.45151488282217,37.92131807224783,41,3514,2493,4394,2551,2.39,369547,INLAND
-120.77904592669191,38.07090968571329,6,1548,961,4733,635,11.35,453598,ISLAND
-117.13077911195018,34.27592154198754,5,670,1410,3292,1491,9.06,114290,ISLAND
-121.36689797514332,35.94863550594803,44,3004,2414,400,1335,6.35,231110,NEAR BAY
-118.66329741141915,35.68775122706158,29,2605,1784,823,2724,12.41,146832,<1H OCEAN
-119.57045396192103,32.78651102728673,28,1017,1873,3110,2910,6.74,39142,INLAND
-117.68674149975901,32.76764449821765,11,7082,1629,167,2020,12.25,387333,NEAR BAY
-114.94422941717943,40.36626918098903,1,7527,730,3936,2264,5.63,384676,<1H OCEAN
-116.99497614400909,35.109596321844165,43,6436,1383,4093,727,2.48,425506,INLAND
-122.1919985989488,37.415121190307254,19,1778,2592,2606,848,14.09,479251,INLAND
-124.0369213239847,35.351007647470354,9,715,605,1637,204,6.83,146436,ISLAND
-121.71686899522976,41.39179169653536,27,7186,659,497,2642,12.2,334065,NEAR OCEAN
-118.37541757576945,34.97998250092693,34,4849,2206,4815,145,5.27,296941,<1H OCEAN
-123.83368483261812,36.58307060787338,44,3605,421,3457,2970,10.23,252403,INLAND
-119.36648287809959,40.7523916570601,4,4629,2952,1263,1454,13.29,47535,<1H OCEAN
-118.35769779687443,40.46259486351092,36,1235,665,4925,1339,2.06,323444,NEAR BAY
-120.99419133619772,34.29121434193347,18,8666,2865,655,1081,12.71,324320,NEAR BAY
-116.61004147439195,40.09287354517764,15,7326,1964,3761,1059,9.21,31105,NEAR OCEAN
-123.27975353853692,36.85153860420357,51,5262,2303,1851,1615,9.7,154011,INLAND
-123.59561667137247,37.084737086323194,13,306,896,3041,1936,8.56,94472,ISLAND
-117.03898488771583,33.796046540434034,19,4975,92,2757,2992,13.31,188101,INLAND
-119.37526718528977,33.298460244454546,49,1419,914,2895,2596,2.09,161935,<1H OCEAN
-117.43843993986553,39.38990887862313,6,1241,1318,2429,2683,5.02,93097,NEAR BAY
-119.98433352041839,37.21169944366337,48,4727,1428,2059,2658,13.32,276674,<1H OCEAN
-121.87612358627936,36.65076511160884,12,7489,834,1701,1581,11.66,156519,NEAR OCEAN
-116.12621273055103,39.404672431619055,51,2790,525,2893,1659,1.74,111160,NEAR BAY
-116.32386457515145,39.74347637950635,37,7423,132,1580,2687,8.48,61940,ISLAND
-117.37524743262155,34.03532585776862,17,3355,1183,1202,1607,8.65,224019,NEAR BAY
-121.61766282221117,38.282218656584604,23,8381,2287,3376,2163,6.91,100001,INLAND
-118.42408410463436,33.81368191423302,26,5313,849,1399,2100,5.51,249824,INLAND
-120.72582207472213,39.61043955953332,29,4208,985,3979,2390,10.7,165714,NEAR BAY
-123.43051598380059,38.72194802047378,33,3120,2348,1635,2073,4.31,242870,NEAR OCEAN
-115.14017170235908,41.54174358439534,27,1957,2388,177,1011,12.29,241971,INLAND
-122.97634094557363,33.18889493391392,25,9096,1718,2931,1394,12.34,213715,INLAND
-114.80961696763914,33.0768849260333,10,9236,375,3510,2908,7.11,22928,ISLAND
-119.87210203950212,35.19538037286301,47,2889,1584,2821,1902,5.33,63002,NEAR BAY
